latitude,longitude,bright_ti4,scan,track,acq_date,acq_time,satellite,confidence,version,bright_ti5,frp,daynight
14.12963,100.49166,333.47,0.45,0.63,2026-09-12,0603,N,nominal,2.0NRT,286.83,5.39,D
17.18397,99.96063,350.34,0.43,0.62,2026-09-12,0603,N,nominal,2.0NRT,290.98,7.6,D
19.61632,101.19637,353.12,0.32,0.55,2026-09-12,0603,N,nominal,2.0NRT,290.76,8.07,D
19.61574,101.19355,340.75,0.32,0.55,2026-09-12,0603,N,nominal,2.0NRT,290.47,5.33,D
19.91723,99.26624,325.39,0.42,0.61,2026-09-12,0603,N,nominal,2.0NRT,294.65,3.34,D
20.47334,100.11913,346.06,0.36,0.57,2026-09-12,0605,N,nominal,2.0NRT,293.72,4.52,D
21.61224,99.39736,341.59,0.38,0.59,2026-09-12,0605,N,nominal,2.0NRT,288.47,5.69,D
21.61145,99.39375,345.29,0.38,0.59,2026-09-12,0605,N,nominal,2.0NRT,288.81,5.69,D
27.72672,96.28129,333.96,0.43,0.62,2026-09-12,0608,N,nominal,2.0NRT,288.25,4.11,D
27.73226,96.2794,345.79,0.43,0.62,2026-09-12,0608,N,nominal,2.0NRT,287.82,4.11,D
6.18458,81.1745,337.5,0.49,0.49,2026-09-12,0741,N,nominal,2.0NRT,290.02,3.36,D
6.5824,81.02856,331.75,0.49,0.49,2026-09-12,0741,N,nominal,2.0NRT,295.24,7.64,D
6.70239,81.3877,334.12,0.47,0.47,2026-09-12,0741,N,nominal,2.0NRT,295.26,8.09,D
6.61972,80.86633,339.45,0.51,0.49,2026-09-12,0741,N,nominal,2.0NRT,295.62,3.15,D
6.61907,80.86243,330.11,0.51,0.49,2026-09-12,0741,N,nominal,2.0NRT,294.25,3.15,D
6.8061,81.54609,341.46,0.45,0.47,2026-09-12,0741,N,nominal,2.0NRT,295.5,5.9,D
7.01647,81.61634,333.31,0.45,0.47,2026-09-12,0741,N,nominal,2.0NRT,298.67,5.07,D
6.98819,81.45032,342.17,0.46,0.47,2026-09-12,0741,N,nominal,2.0NRT,298.28,6.93,D
7.05813,81.78476,337.76,0.43,0.46,2026-09-12,0741,N,nominal,2.0NRT,297.91,4.8,D
7.05747,81.78086,341.89,0.43,0.46,2026-09-12,0741,N,nominal,2.0NRT,297.46,4.8,D
7.06236,81.78408,342.24,0.43,0.46,2026-09-12,0741,N,nominal,2.0NRT,297.78,4.8,D
7.02286,81.33838,335.63,0.46,0.47,2026-09-12,0741,N,nominal,2.0NRT,295.87,4.34,D
7.11429,81.83554,344.63,0.43,0.46,2026-09-12,0741,N,nominal,2.0NRT,299.8,17.41,D
7.12647,81.6804,335.91,0.44,0.46,2026-09-12,0741,N,nominal,2.0NRT,295.82,7.02,D
7.11013,81.58477,341.69,0.45,0.47,2026-09-12,0741,N,nominal,2.0NRT,297.42,13.57,D
7.09646,81.45305,340.1,0.45,0.47,2026-09-12,0741,N,nominal,2.0NRT,295.64,3.73,D
7.18581,81.79967,333.13,0.43,0.46,2026-09-12,0741,N,nominal,2.0NRT,298.1,1.44,D
7.09008,80.98764,340.19,0.49,0.48,2026-09-12,0741,N,nominal,2.0NRT,293.43,10.15,D
7.10688,81.00608,334.54,0.49,0.48,2026-09-12,0741,N,nominal,2.0NRT,295.14,4.89,D
7.16228,81.04507,337.86,0.48,0.48,2026-09-12,0741,N,nominal,2.0NRT,296.15,3.88,D
7.27174,81.58786,330.17,0.44,0.46,2026-09-12,0741,N,nominal,2.0NRT,298.99,6.65,D
7.04147,79.87819,349.69,0.58,0.52,2026-09-12,0741,N,nominal,2.0NRT,290.96,16.75,D
7.0404,79.88097,344.64,0.58,0.52,2026-09-12,0741,N,nominal,2.0NRT,290.32,5.97,D
7.04521,79.88014,337.91,0.58,0.52,2026-09-12,0741,N,nominal,2.0NRT,290.7,11.26,D
7.04429,79.87487,340.72,0.58,0.52,2026-09-12,0741,N,nominal,2.0NRT,290.43,9.38,D
7.42772,81.66785,367,0.44,0.46,2026-09-12,0741,N,high,2.0NRT,298.06,10.61,D
7.37745,81.0931,332.88,0.48,0.48,2026-09-12,0741,N,nominal,2.0NRT,298.05,3.42,D
7.35733,80.97545,330.51,0.48,0.48,2026-09-12,0741,N,nominal,2.0NRT,297.82,2.77,D
7.35879,80.95721,341.49,0.49,0.48,2026-09-12,0741,N,nominal,2.0NRT,298.69,7.18,D
7.52494,80.97937,330.16,0.48,0.48,2026-09-12,0741,N,low,2.0NRT,300.65,2.33,D
7.55203,81.03295,343.02,0.48,0.48,2026-09-12,0741,N,nominal,2.0NRT,297.68,9.06,D
7.55131,81.02861,340.96,0.48,0.48,2026-09-12,0741,N,nominal,2.0NRT,291.83,2.75,D
7.55105,81.03083,354.67,0.48,0.48,2026-09-12,0741,N,nominal,2.0NRT,297.12,8.58,D
7.56428,81.02858,330.14,0.48,0.48,2026-09-12,0741,N,low,2.0NRT,300.6,6.61,D
7.58269,81.05655,333.42,0.47,0.48,2026-09-12,0741,N,nominal,2.0NRT,301.27,8.17,D
7.57145,80.9379,343.49,0.48,0.48,2026-09-12,0741,N,nominal,2.0NRT,299.6,6.71,D
7.59294,81.03706,338.53,0.48,0.48,2026-09-12,0741,N,nominal,2.0NRT,300.06,6.66,D
7.6142,81.08228,341.12,0.47,0.48,2026-09-12,0741,N,nominal,2.0NRT,298.98,6.45,D
7.60983,81.02975,343.57,0.48,0.48,2026-09-12,0741,N,nominal,2.0NRT,296.68,8.19,D
7.61204,81.01603,344.73,0.48,0.48,2026-09-12,0741,N,nominal,2.0NRT,301.52,10.38,D
7.61131,81.0117,331.98,0.48,0.48,2026-09-12,0741,N,nominal,2.0NRT,298.66,4.98,D
7.6456,81.00668,335.51,0.48,0.48,2026-09-12,0744,N,nominal,2.0NRT,294.01,8.63,D
7.64484,81.00233,356.52,0.48,0.48,2026-09-12,0744,N,nominal,2.0NRT,295.49,8.63,D
7.64408,80.998,342.52,0.48,0.48,2026-09-12,0744,N,nominal,2.0NRT,297.22,11.3,D
7.78176,81.48782,333.16,0.44,0.46,2026-09-12,0744,N,nominal,2.0NRT,298.02,4.38,D
7.73436,81.04906,339.21,0.47,0.48,2026-09-12,0744,N,nominal,2.0NRT,303.39,11.19,D
7.73364,81.04479,335.07,0.47,0.48,2026-09-12,0744,N,nominal,2.0NRT,302.82,6.58,D
7.73804,81.04405,343.26,0.47,0.48,2026-09-12,0744,N,nominal,2.0NRT,297.7,6.58,D
7.68932,80.4494,345.53,0.52,0.5,2026-09-12,0744,N,nominal,2.0NRT,292.2,2.72,D
7.79308,80.61845,339.16,0.5,0.49,2026-09-12,0744,N,nominal,2.0NRT,299.78,5.47,D
7.79231,80.61386,338.92,0.5,0.49,2026-09-12,0744,N,nominal,2.0NRT,298.69,5.47,D
7.79759,80.61766,333.5,0.5,0.49,2026-09-12,0744,N,nominal,2.0NRT,298.7,6.14,D
7.79322,80.61471,347.79,0.5,0.49,2026-09-12,0744,N,nominal,2.0NRT,300.21,7.34,D
7.79774,80.61394,331.61,0.5,0.49,2026-09-12,0744,N,nominal,2.0NRT,297.81,7.34,D
7.90877,81.22432,330.8,0.46,0.47,2026-09-12,0744,N,nominal,2.0NRT,300.7,2.53,D
7.9456,81.38625,330.08,0.45,0.47,2026-09-12,0744,N,nominal,2.0NRT,297.32,2.96,D
7.91244,81.16814,330.9,0.46,0.47,2026-09-12,0744,N,low,2.0NRT,301.77,1.32,D
7.96555,81.08558,338.91,0.47,0.47,2026-09-12,0744,N,nominal,2.0NRT,300.62,3.24,D
7.99679,81.08457,330.66,0.47,0.47,2026-09-12,0744,N,nominal,2.0NRT,300.57,2.48,D
7.80422,79.93233,341.29,0.56,0.51,2026-09-12,0744,N,nominal,2.0NRT,296.67,3.76,D
8.00142,81.08142,331.27,0.47,0.47,2026-09-12,0744,N,nominal,2.0NRT,300.49,4.58,D
7.80587,79.93601,338.96,0.56,0.51,2026-09-12,0744,N,nominal,2.0NRT,298.1,8.36,D
8.07677,81.39046,331.16,0.44,0.46,2026-09-12,0744,N,nominal,2.0NRT,297.87,6.36,D
8.00496,80.94511,348.39,0.48,0.48,2026-09-12,0744,N,nominal,2.0NRT,300.58,13.6,D
7.95697,80.61252,331.09,0.5,0.49,2026-09-12,0744,N,nominal,2.0NRT,295.46,5.26,D
8.06122,81.0103,344.04,0.47,0.48,2026-09-12,0744,N,nominal,2.0NRT,301.54,30.33,D
8.09088,81.05321,344.54,0.47,0.47,2026-09-12,0744,N,nominal,2.0NRT,298.05,8.66,D
8.10521,81.08544,343.23,0.46,0.47,2026-09-12,0744,N,nominal,2.0NRT,301.23,6.64,D
8.07846,81.00792,336.92,0.47,0.48,2026-09-12,0744,N,nominal,2.0NRT,295.54,4.48,D
8.09095,81.0537,346.48,0.47,0.47,2026-09-12,0744,N,nominal,2.0NRT,298.2,6.94,D
8.11133,81.11934,336.64,0.46,0.47,2026-09-12,0744,N,nominal,2.0NRT,300.03,5.87,D
8.10552,81.08588,342.84,0.46,0.47,2026-09-12,0744,N,nominal,2.0NRT,301.47,5.61,D
8.03993,80.68317,333.07,0.49,0.49,2026-09-12,0744,N,nominal,2.0NRT,298.58,4.07,D
7.96559,80.03988,330.94,0.55,0.51,2026-09-12,0744,N,nominal,2.0NRT,299.34,5.22,D
8.06541,80.3713,337.07,0.52,0.5,2026-09-12,0744,N,nominal,2.0NRT,298.56,5.89,D
8.18704,81.01131,332.29,0.47,0.48,2026-09-12,0744,N,nominal,2.0NRT,299.34,9.95,D
8.20405,81.0864,339.91,0.46,0.47,2026-09-12,0744,N,nominal,2.0NRT,300.66,7.03,D
8.18764,81.01199,331.11,0.47,0.48,2026-09-12,0744,N,nominal,2.0NRT,299.18,10.28,D
8.20521,81.08688,344.52,0.46,0.47,2026-09-12,0744,N,nominal,2.0NRT,301.35,6.76,D
8.22403,81.09228,331.15,0.46,0.47,2026-09-12,0744,N,nominal,2.0NRT,299.42,8.13,D
8.22331,81.0881,344.43,0.46,0.47,2026-09-12,0744,N,nominal,2.0NRT,300.89,11.16,D
8.23053,81.10403,331.8,0.46,0.47,2026-09-12,0744,N,nominal,2.0NRT,300.8,5.66,D
8.18756,80.75049,330.01,0.49,0.48,2026-09-12,0744,N,low,2.0NRT,301.29,3.27,D
8.19201,80.7497,330.79,0.49,0.48,2026-09-12,0744,N,nominal,2.0NRT,298.79,3.27,D
8.11358,80.10298,344.08,0.54,0.51,2026-09-12,0744,N,nominal,2.0NRT,300.1,8.01,D
8.22337,80.55514,332.7,0.5,0.49,2026-09-12,0744,N,nominal,2.0NRT,297.24,3.5,D
8.13032,80.07694,338.94,0.54,0.51,2026-09-12,0744,N,nominal,2.0NRT,297.61,3.86,D
8.22382,80.55173,334.64,0.5,0.49,2026-09-12,0744,N,nominal,2.0NRT,297.71,6.36,D
8.16267,80.15137,332.25,0.53,0.5,2026-09-12,0744,N,nominal,2.0NRT,298.59,3.69,D
8.18844,80.27067,339.59,0.52,0.5,2026-09-12,0744,N,nominal,2.0NRT,298.15,5.4,D
8.22505,80.45264,336.41,0.51,0.49,2026-09-12,0744,N,nominal,2.0NRT,298.74,7.72,D
8.28667,80.77976,334.09,0.48,0.48,2026-09-12,0744,N,nominal,2.0NRT,298.88,4.71,D
8.33177,81.01419,330.4,0.46,0.47,2026-09-12,0744,N,nominal,2.0NRT,294.94,9.29,D
8.30045,80.72736,341.34,0.49,0.48,2026-09-12,0744,N,nominal,2.0NRT,298.23,7.08,D
8.25494,80.3275,336.75,0.52,0.5,2026-09-12,0744,N,nominal,2.0NRT,300.84,5.9,D
8.25925,80.29769,335.71,0.52,0.5,2026-09-12,0744,N,nominal,2.0NRT,296.79,2.43,D
8.35896,80.80308,342.55,0.48,0.48,2026-09-12,0744,N,nominal,2.0NRT,300.46,11.15,D
8.34342,80.71103,341.93,0.49,0.48,2026-09-12,0744,N,nominal,2.0NRT,297.67,9.23,D
8.25863,80.15495,332.3,0.53,0.5,2026-09-12,0744,N,nominal,2.0NRT,301.39,7.3,D
8.2887,80.24864,338.9,0.52,0.5,2026-09-12,0744,N,nominal,2.0NRT,295.58,5.83,D
8.25686,80.15214,335.07,0.53,0.5,2026-09-12,0744,N,nominal,2.0NRT,300.91,4.03,D
8.2885,80.25041,338.02,0.52,0.5,2026-09-12,0744,N,nominal,2.0NRT,297.54,5.12,D
8.30267,80.27724,334.43,0.52,0.5,2026-09-12,0744,N,nominal,2.0NRT,297.12,4.2,D
8.39278,80.76662,332.4,0.48,0.48,2026-09-12,0744,N,nominal,2.0NRT,298.94,3.19,D
8.3849,80.66853,330.29,0.49,0.48,2026-09-12,0744,N,nominal,2.0NRT,297.84,5.11,D
8.4037,80.7243,332.6,0.48,0.48,2026-09-12,0744,N,nominal,2.0NRT,296.75,4.68,D
8.41152,80.47382,332.11,0.5,0.49,2026-09-12,0744,N,nominal,2.0NRT,295.01,4.59,D
8.49279,80.84737,335.17,0.47,0.48,2026-09-12,0744,N,nominal,2.0NRT,297.63,5.55,D
8.49359,80.82508,330.11,0.48,0.48,2026-09-12,0744,N,nominal,2.0NRT,296.54,4.75,D
8.49156,80.84512,334.16,0.47,0.48,2026-09-12,0744,N,nominal,2.0NRT,297.29,4.34,D
8.4922,80.82288,336.57,0.48,0.48,2026-09-12,0744,N,nominal,2.0NRT,295.33,4.39,D
8.52454,80.85271,343.01,0.47,0.48,2026-09-12,0744,N,nominal,2.0NRT,295.49,5.59,D
8.52888,80.82547,333.01,0.47,0.48,2026-09-12,0744,N,nominal,2.0NRT,296.11,4.02,D
8.46603,80.46207,331.31,0.5,0.49,2026-09-12,0744,N,nominal,2.0NRT,295.47,3.62,D
8.53329,80.82473,343.18,0.47,0.48,2026-09-12,0744,N,nominal,2.0NRT,295.43,7.26,D
8.47054,80.46129,340.68,0.5,0.49,2026-09-12,0744,N,nominal,2.0NRT,293.23,4.8,D
8.48214,80.5015,332.6,0.5,0.49,2026-09-12,0744,N,nominal,2.0NRT,291.27,6.97,D
8.51672,80.67548,330.24,0.49,0.48,2026-09-12,0744,N,nominal,2.0NRT,295.12,3.3,D
8.52794,80.71426,340.02,0.48,0.48,2026-09-12,0744,N,nominal,2.0NRT,297.8,6.42,D
8.52719,80.7099,334.41,0.48,0.48,2026-09-12,0744,N,nominal,2.0NRT,297.51,6.42,D
8.52116,80.67471,333.37,0.49,0.48,2026-09-12,0744,N,nominal,2.0NRT,295.09,3.3,D
8.52409,80.66512,337.24,0.49,0.48,2026-09-12,0744,N,nominal,2.0NRT,298.79,7.96,D
8.51454,80.52853,342.04,0.5,0.49,2026-09-12,0744,N,nominal,2.0NRT,289.26,4.56,D
8.47682,80.30786,342.74,0.51,0.5,2026-09-12,0744,N,nominal,2.0NRT,299.2,12.13,D
8.57211,80.84022,335.01,0.47,0.48,2026-09-12,0744,N,nominal,2.0NRT,295.08,2.81,D
8.51221,80.37827,348.46,0.51,0.49,2026-09-12,0744,N,nominal,2.0NRT,299.17,9.52,D
8.59622,80.84927,330.34,0.47,0.48,2026-09-12,0744,N,nominal,2.0NRT,294.02,3.92,D
8.51335,80.37949,338.79,0.51,0.49,2026-09-12,0744,N,nominal,2.0NRT,298.09,4.69,D
8.51254,80.37491,340.42,0.51,0.49,2026-09-12,0744,N,nominal,2.0NRT,300.35,4.91,D
8.61029,80.85212,335.73,0.47,0.48,2026-09-12,0744,N,nominal,2.0NRT,294.04,5.05,D
8.62782,80.84911,338.52,0.47,0.48,2026-09-12,0744,N,nominal,2.0NRT,291.24,4.35,D
8.6155,80.67295,341.54,0.48,0.48,2026-09-12,0744,N,nominal,2.0NRT,299.02,7.89,D
8.58621,80.50359,351.29,0.5,0.49,2026-09-12,0744,N,nominal,2.0NRT,290.99,13.18,D
8.57469,80.38332,336.42,0.51,0.49,2026-09-12,0744,N,nominal,2.0NRT,300.11,7.75,D
8.62956,80.67505,337.07,0.48,0.48,2026-09-12,0744,N,nominal,2.0NRT,297.93,7.95,D
8.6687,80.85074,330.82,0.47,0.48,2026-09-12,0744,N,nominal,2.0NRT,291.74,2.73,D
8.61842,80.50272,331.51,0.5,0.49,2026-09-12,0744,N,nominal,2.0NRT,290.19,5.02,D
8.70739,80.73883,344.89,0.48,0.48,2026-09-12,0744,N,nominal,2.0NRT,298.03,7.23,D
8.31892,77.59275,330.58,0.39,0.6,2026-09-12,0744,N,nominal,2.0NRT,298.47,2.22,D
8.80925,80.27412,341.12,0.51,0.49,2026-09-12,0744,N,nominal,2.0NRT,293.98,20.52,D
8.80845,80.26943,338.62,0.51,0.49,2026-09-12,0744,N,nominal,2.0NRT,294.07,12.49,D
8.89794,80.71543,349.62,0.48,0.48,2026-09-12,0744,N,nominal,2.0NRT,296.88,8.87,D
8.81352,80.27133,331.59,0.51,0.49,2026-09-12,0744,N,nominal,2.0NRT,293.94,3.21,D
8.8973,80.71758,330.69,0.48,0.48,2026-09-12,0744,N,nominal,2.0NRT,295.34,4.22,D
8.89653,80.71324,337.99,0.48,0.48,2026-09-12,0744,N,nominal,2.0NRT,296.33,4.22,D
8.94233,80.81985,330.41,0.47,0.48,2026-09-12,0744,N,nominal,2.0NRT,299.88,6.32,D
8.95907,80.8126,336.72,0.47,0.48,2026-09-12,0744,N,nominal,2.0NRT,298.19,3.06,D
8.96344,80.81184,332.39,0.47,0.48,2026-09-12,0744,N,nominal,2.0NRT,296.68,2.62,D
8.97946,80.82655,332.31,0.47,0.47,2026-09-12,0744,N,nominal,2.0NRT,300.65,10.65,D
8.93057,80.21703,334.07,0.51,0.5,2026-09-12,0744,N,nominal,2.0NRT,298.67,2.8,D
8.93058,80.21378,336.78,0.51,0.5,2026-09-12,0744,N,nominal,2.0NRT,299.1,5.78,D
8.98522,80.06801,338.48,0.52,0.5,2026-09-12,0744,N,nominal,2.0NRT,299.79,5.14,D
9.00462,79.86208,330.12,0.54,0.51,2026-09-12,0744,N,nominal,2.0NRT,297.81,8.01,D
9.00842,79.85635,343.25,0.54,0.51,2026-09-12,0744,N,nominal,2.0NRT,297.1,6.61,D
9.01307,79.85555,351.75,0.54,0.51,2026-09-12,0744,N,nominal,2.0NRT,296.63,20.3,D
9.20215,80.67951,335.18,0.47,0.48,2026-09-12,0744,N,nominal,2.0NRT,298.67,6.36,D
9.21971,80.67647,339.06,0.47,0.48,2026-09-12,0744,N,nominal,2.0NRT,299.88,5.76,D
9.24338,80.70864,330.14,0.47,0.48,2026-09-12,0744,N,nominal,2.0NRT,298.32,5.66,D
9.40211,80.433,330.94,0.49,0.48,2026-09-12,0744,N,nominal,2.0NRT,294.93,4.21,D
9.40158,80.37805,332.67,0.49,0.49,2026-09-12,0744,N,nominal,2.0NRT,297.28,3.56,D
9.06973,77.52162,334.25,0.39,0.59,2026-09-12,0744,N,nominal,2.0NRT,300.96,1.1,D
9.192,77.81502,338.44,0.37,0.58,2026-09-12,0744,N,nominal,2.0NRT,297.68,10.03,D
9.67016,78.19058,334.88,0.34,0.56,2026-09-12,0744,N,nominal,2.0NRT,288.66,1.73,D
11.93996,77.03573,335.16,0.37,0.58,2026-09-12,0744,N,nominal,2.0NRT,295.58,2.4,D
17.21943,99.7585,328.81,0.79,0.78,2026-09-12,0744,N,nominal,2.0NRT,286.93,4.24,D
17.21996,99.76365,327.01,0.79,0.78,2026-09-12,0744,N,nominal,2.0NRT,286.81,8.18,D
23.67653,86.39957,332.16,0.44,0.38,2026-09-12,0746,N,nominal,2.0NRT,295.51,9.04,D
23.68299,86.39413,331.66,0.44,0.38,2026-09-12,0746,N,nominal,2.0NRT,294.31,4.02,D
23.68652,86.39357,337.38,0.44,0.38,2026-09-12,0746,N,nominal,2.0NRT,295.05,4.02,D
23.7564,85.85259,332.56,0.42,0.38,2026-09-12,0746,N,nominal,2.0NRT,298.52,5.14,D
23.78724,85.55238,330.14,0.41,0.37,2026-09-12,0746,N,nominal,2.0NRT,294.64,2.32,D
24.19804,82.71844,332.43,0.39,0.36,2026-09-12,0748,N,nominal,2.0NRT,295.83,3.01,D
27.92105,96.75591,336.99,0.65,0.73,2026-09-12,0748,N,nominal,2.0NRT,288.75,5.14,D
27.92283,96.76014,328.13,0.65,0.73,2026-09-12,0748,N,nominal,2.0NRT,289.16,6.8,D
24.83727,68.07303,345.63,0.74,0.76,2026-09-12,0748,N,nominal,2.0NRT,296.85,13.07,D
24.83595,68.07963,338.93,0.74,0.76,2026-09-12,0748,N,nominal,2.0NRT,295.92,9.15,D
24.83399,68.07236,343.01,0.74,0.76,2026-09-12,0748,N,nominal,2.0NRT,296.78,9.15,D
26.81648,67.76009,331.39,0.69,0.74,2026-09-12,0750,N,nominal,2.0NRT,299.75,3.54,D
28.05062,69.37006,332.69,0.52,0.67,2026-09-12,0750,N,nominal,2.0NRT,299.69,4.58,D
29.46977,71.59311,330.16,0.36,0.57,2026-09-12,0750,N,low,2.0NRT,300.46,1.85,D
29.9203,72.90961,335.74,0.59,0.53,2026-09-12,0750,N,nominal,2.0NRT,298.63,3.43,D
30.45917,73.82764,341.62,0.51,0.49,2026-09-12,0750,N,nominal,2.0NRT,297.77,7.42,D
30.47937,73.85507,335.12,0.51,0.49,2026-09-12,0750,N,nominal,2.0NRT,297.82,3.01,D
30.92336,74.30084,332.99,0.47,0.48,2026-09-12,0750,N,nominal,2.0NRT,296.48,1.8,D
30.97024,74.48008,340.54,0.46,0.47,2026-09-12,0750,N,nominal,2.0NRT,295.1,4.6,D
31.06606,74.47954,341.94,0.46,0.47,2026-09-12,0750,N,nominal,2.0NRT,297.48,8.61,D
31.16105,74.82891,336.12,0.43,0.46,2026-09-12,0750,N,nominal,2.0NRT,295.62,2.47,D
31.12898,74.61642,349.42,0.45,0.47,2026-09-12,0750,N,nominal,2.0NRT,297.29,6.74,D
31.38129,74.53933,342.57,0.45,0.47,2026-09-12,0750,N,nominal,2.0NRT,296.29,10.36,D
31.6174,75.06292,333.18,0.41,0.45,2026-09-12,0750,N,nominal,2.0NRT,298.2,3.5,D
31.87394,74.68877,330.02,0.43,0.46,2026-09-12,0750,N,nominal,2.0NRT,294.86,2.76,D
35.83709,62.98851,335.48,0.73,0.76,2026-09-12,0752,N,nominal,2.0NRT,299.25,3.68,D
38.04935,67.26845,332.14,0.38,0.59,2026-09-12,0752,N,low,2.0NRT,306.78,3.12,D
38.04823,67.26426,347.08,0.38,0.59,2026-09-12,0752,N,nominal,2.0NRT,308.82,3.12,D
38.05353,67.26234,335.97,0.38,0.59,2026-09-12,0752,N,low,2.0NRT,306.83,3.12,D
38.09767,65.47002,347.14,0.47,0.64,2026-09-12,0752,N,nominal,2.0NRT,304.96,4.68,D
38.10333,65.46746,335.64,0.47,0.64,2026-09-12,0752,N,nominal,2.0NRT,305.41,4.68,D
39.73264,67.27463,330.04,0.35,0.57,2026-09-12,0752,N,low,2.0NRT,300.48,2.72,D
23.34302,68.96366,337.57,0.41,0.61,2026-09-12,0928,N,nominal,2.0NRT,296.07,4.42,D
23.50945,69.26907,336.81,0.44,0.62,2026-09-12,0928,N,nominal,2.0NRT,294.22,5.28,D
24.83576,68.07816,340.51,0.38,0.59,2026-09-12,0928,N,nominal,2.0NRT,304.91,3.23,D
24.83543,68.07434,334.32,0.38,0.59,2026-09-12,0928,N,low,2.0NRT,305.35,3.23,D
25.05382,67.49704,330.68,0.35,0.57,2026-09-12,0928,N,low,2.0NRT,304.18,0.7,D
25.78301,68.57213,330.23,0.42,0.61,2026-09-12,0928,N,low,2.0NRT,304.31,1.74,D
24.50595,56.6102,335.14,0.4,0.37,2026-09-12,0928,N,low,2.0NRT,307.29,6.87,D
24.50532,56.60631,338.73,0.4,0.37,2026-09-12,0928,N,nominal,2.0NRT,308.49,6.87,D
25.30858,56.37484,335.16,0.4,0.37,2026-09-12,0930,N,nominal,2.0NRT,303.64,4.35,D
25.59925,54.42489,330.25,0.45,0.39,2026-09-12,0930,N,low,2.0NRT,302.68,2,D
27.16559,56.98126,341.18,0.38,0.36,2026-09-12,0930,N,nominal,2.0NRT,309.36,2.88,D
27.15909,56.10378,339.39,0.39,0.36,2026-09-12,0930,N,low,2.0NRT,310.58,9.82,D
27.15846,56.09984,339.2,0.39,0.36,2026-09-12,0930,N,low,2.0NRT,310.33,8.32,D
27.42303,56.50353,339.22,0.39,0.36,2026-09-12,0930,N,low,2.0NRT,310.81,4.46,D
29.99264,55.85554,342.2,0.39,0.36,2026-09-12,0930,N,low,2.0NRT,315.33,8.86,D
35.8381,62.99083,341.91,0.5,0.49,2026-09-12,0932,N,nominal,2.0NRT,305.8,4.89,D
37.03074,62.41936,337.14,0.48,0.48,2026-09-12,0932,N,low,2.0NRT,310.3,13.3,D
37.11592,62.36422,337.26,0.48,0.48,2026-09-12,0932,N,low,2.0NRT,310.49,5.31,D
37.12037,62.36365,339.91,0.48,0.48,2026-09-12,0932,N,low,2.0NRT,310.48,5.31,D
37.50379,60.94529,334.85,0.41,0.45,2026-09-12,0932,N,low,2.0NRT,305.89,2.77,D
37.95083,65.64572,339.14,0.37,0.58,2026-09-12,0932,N,nominal,2.0NRT,306.03,3.2,D
37.81376,62.30733,343.45,0.48,0.48,2026-09-12,0932,N,nominal,2.0NRT,307.61,8.92,D
37.81855,61.76052,343.6,0.45,0.47,2026-09-12,0932,N,nominal,2.0NRT,302.65,5.72,D
38.09674,65.47091,351.82,0.36,0.57,2026-09-12,0932,N,nominal,2.0NRT,307,8.89,D
38.10233,65.47463,340.55,0.36,0.57,2026-09-12,0932,N,nominal,2.0NRT,304.68,3.52,D
38.10209,65.47043,344.5,0.36,0.57,2026-09-12,0932,N,nominal,2.0NRT,307.39,3.52,D
37.74425,59.33427,338.32,0.51,0.41,2026-09-12,0932,N,low,2.0NRT,312.09,10.9,D
37.83088,59.08633,341.04,0.5,0.41,2026-09-12,0932,N,nominal,2.0NRT,308.51,6.27,D
37.65369,55.63804,348.33,0.39,0.36,2026-09-12,0932,N,nominal,2.0NRT,309.62,8.29,D
38.8559,56.59008,337.34,0.42,0.38,2026-09-12,0932,N,low,2.0NRT,311.5,11.34,D
26.5789,101.66108,315.71,0.62,0.54,2026-09-12,1832,N,nominal,2.0NRT,287.99,4.09,N
26.57829,101.66789,316.51,0.61,0.54,2026-09-12,1832,N,nominal,2.0NRT,288.13,3,N
26.5739,101.66076,303.13,0.62,0.54,2026-09-12,1832,N,nominal,2.0NRT,287.55,2.62,N
26.57335,101.66682,304.2,0.61,0.54,2026-09-12,1832,N,nominal,2.0NRT,285.87,1.71,N
26.5678,101.67258,304.22,0.61,0.54,2026-09-12,1832,N,nominal,2.0NRT,288.67,1.71,N
26.57874,101.66129,318.4,0.61,0.54,2026-09-12,1832,N,nominal,2.0NRT,287.96,3.39,N
26.57806,101.66811,316.77,0.61,0.54,2026-09-12,1832,N,nominal,2.0NRT,287.96,3.39,N
26.57374,101.66096,301.68,0.61,0.54,2026-09-12,1832,N,nominal,2.0NRT,287.72,3.39,N
26.56755,101.67278,306.12,0.61,0.54,2026-09-12,1832,N,nominal,2.0NRT,289.22,1.87,N
26.56262,101.67183,301.57,0.61,0.54,2026-09-12,1832,N,nominal,2.0NRT,288.07,1.87,N
26.56199,101.67828,303.62,0.61,0.54,2026-09-12,1832,N,nominal,2.0NRT,289.24,1.87,N
9.12278,80.31826,295.62,0.39,0.36,2026-09-12,2019,N,nominal,2.0NRT,265.77,0.39,N
8.30755,80.67846,308.54,0.38,0.36,2026-09-12,2019,N,nominal,2.0NRT,290.61,1.8,N
7.37231,81.3868,309.75,0.39,0.36,2026-09-12,2019,N,nominal,2.0NRT,291.28,1.31,N
7.16137,81.70643,307.08,0.4,0.37,2026-09-12,2019,N,nominal,2.0NRT,291.84,0.45,N
6.76082,81.14504,312.39,0.39,0.36,2026-09-12,2019,N,nominal,2.0NRT,291.25,0.77,N
6.63571,80.8667,306.78,0.39,0.36,2026-09-12,2019,N,nominal,2.0NRT,290.7,0.62,N
6.61521,80.86703,337.33,0.39,0.36,2026-09-12,2019,N,nominal,2.0NRT,291.85,4.13,N
33.21963,71.48061,302.64,0.68,0.74,2026-09-12,2012,N,nominal,2.0NRT,289.63,1.76,N
6.61634,80.85999,309.97,0.39,0.36,2026-09-12,2019,N,nominal,2.0NRT,291.1,1.27,N
33.21941,71.48824,316.87,0.68,0.74,2026-09-12,2012,N,nominal,2.0NRT,289.96,1.76,N
33.22112,71.48345,323.25,0.68,0.74,2026-09-12,2012,N,nominal,2.0NRT,289.71,3.86,N
6.61578,80.86349,313.74,0.39,0.36,2026-09-12,2019,N,nominal,2.0NRT,290.99,1.27,N
32.57458,72.56045,305.5,0.59,0.7,2026-09-12,2012,N,nominal,2.0NRT,291.69,2.34,N
6.61302,80.85947,318.18,0.39,0.36,2026-09-12,2019,N,nominal,2.0NRT,290.62,1.27,N
27.37769,95.33535,303.9,0.35,0.57,2026-09-12,2014,N,nominal,2.0NRT,286.99,0.46,N
27.31674,95.26546,313.74,0.35,0.56,2026-09-12,2014,N,nominal,2.0NRT,286.97,0.7,N
28.89434,78.85506,305.99,0.46,0.47,2026-09-12,2014,N,nominal,2.0NRT,289.29,0.77,N
28.37121,77.22247,305.35,0.56,0.52,2026-09-12,2014,N,nominal,2.0NRT,289.22,1.64,N
28.37108,77.22758,304.21,0.56,0.52,2026-09-12,2014,N,nominal,2.0NRT,289.16,1.12,N
28.34656,77.23035,310.59,0.56,0.52,2026-09-12,2014,N,nominal,2.0NRT,289.6,1.73,N
26.64271,79.47958,308.23,0.4,0.44,2026-09-12,2014,N,nominal,2.0NRT,288.94,1.17,N
25.31061,83.01505,305.14,0.4,0.37,2026-09-12,2014,N,nominal,2.0NRT,286.6,0.75,N
24.92946,84.14631,309.7,0.39,0.36,2026-09-12,2014,N,nominal,2.0NRT,292.09,1.13,N
24.92139,84.1573,309.98,0.39,0.36,2026-09-12,2014,N,nominal,2.0NRT,291.51,1.33,N
22.01389,97.17258,297.98,0.59,0.7,2026-09-12,2014,N,nominal,2.0NRT,285.73,0.66,N
22.01403,97.17256,297.72,0.59,0.7,2026-09-12,2014,N,nominal,2.0NRT,285.91,0.79,N
23.80519,86.33186,308.47,0.41,0.37,2026-09-12,2014,N,nominal,2.0NRT,291.27,1.93,N
23.66359,87.15517,319.27,0.43,0.38,2026-09-12,2014,N,nominal,2.0NRT,291.38,1.93,N
23.66285,87.1594,311.49,0.44,0.38,2026-09-12,2014,N,nominal,2.0NRT,290.59,1.93,N
23.80314,86.32323,309.3,0.41,0.37,2026-09-12,2014,N,nominal,2.0NRT,290.59,1.87,N
23.80179,86.33117,318.18,0.41,0.37,2026-09-12,2014,N,nominal,2.0NRT,290.9,1.93,N
23.79435,86.35438,328.64,0.41,0.37,2026-09-12,2014,N,nominal,2.0NRT,292.15,3.71,N
23.79771,86.31393,304.67,0.41,0.37,2026-09-12,2014,N,nominal,2.0NRT,289.69,1.68,N
23.78078,86.37225,316.28,0.41,0.37,2026-09-12,2014,N,nominal,2.0NRT,292.02,2.6,N
23.77806,86.38817,315.36,0.41,0.37,2026-09-12,2014,N,nominal,2.0NRT,291.56,2.67,N
23.78145,86.34767,310.4,0.41,0.37,2026-09-12,2014,N,nominal,2.0NRT,291.56,1.17,N
23.77535,86.36292,327.04,0.41,0.37,2026-09-12,2014,N,nominal,2.0NRT,292.57,2.11,N
23.77806,86.347,309.89,0.41,0.37,2026-09-12,2014,N,nominal,2.0NRT,291,1.17,N
23.77467,86.36688,308.04,0.41,0.37,2026-09-12,2014,N,nominal,2.0NRT,291.27,2.11,N
23.76854,86.4028,308.46,0.41,0.37,2026-09-12,2014,N,nominal,2.0NRT,290.64,1.2,N
23.79357,86.2352,309.35,0.41,0.37,2026-09-12,2014,N,nominal,2.0NRT,290.59,1.53,N
23.77195,86.36222,305.82,0.41,0.37,2026-09-12,2014,N,nominal,2.0NRT,290.75,1.61,N
23.76651,86.39413,306.74,0.41,0.37,2026-09-12,2014,N,nominal,2.0NRT,292.96,1.45,N
23.76514,86.40211,311.36,0.41,0.37,2026-09-12,2014,N,nominal,2.0NRT,291.7,1.43,N
23.76447,86.40609,310.82,0.41,0.37,2026-09-12,2014,N,nominal,2.0NRT,291.59,1.43,N
23.76175,86.40143,325.12,0.41,0.37,2026-09-12,2014,N,nominal,2.0NRT,291.76,1.43,N
23.76311,86.39346,309.27,0.41,0.37,2026-09-12,2014,N,nominal,2.0NRT,292.56,1.45,N
23.76106,86.40541,310.76,0.41,0.37,2026-09-12,2014,N,nominal,2.0NRT,291.06,1.43,N
23.75767,86.40472,320.53,0.41,0.37,2026-09-12,2014,N,nominal,2.0NRT,292.11,1.55,N
23.75834,86.40075,313.14,0.41,0.37,2026-09-12,2014,N,nominal,2.0NRT,291.66,1.55,N
23.75426,86.40405,306.23,0.41,0.37,2026-09-12,2014,N,nominal,2.0NRT,291.22,1.55,N
23.7807,86.20808,311.37,0.41,0.37,2026-09-12,2014,N,nominal,2.0NRT,291.44,1.89,N
23.73857,86.43401,333.3,0.41,0.37,2026-09-12,2014,N,nominal,2.0NRT,293.45,3.11,N
23.77732,86.20741,307.77,0.41,0.37,2026-09-12,2014,N,nominal,2.0NRT,291.48,1.08,N
23.77665,86.21135,304.18,0.41,0.37,2026-09-12,2014,N,nominal,2.0NRT,290.72,1.08,N
23.73517,86.43333,315.19,0.41,0.37,2026-09-12,2014,N,nominal,2.0NRT,291.19,3.11,N
23.77257,86.19424,306.02,0.4,0.37,2026-09-12,2014,N,nominal,2.0NRT,290.89,1.27,N
23.7719,86.19817,314.1,0.4,0.37,2026-09-12,2014,N,nominal,2.0NRT,291.2,1.9,N
23.72359,86.43928,311.74,0.41,0.37,2026-09-12,2014,N,nominal,2.0NRT,292.08,2.38,N
23.72294,86.42259,312.38,0.41,0.37,2026-09-12,2014,N,nominal,2.0NRT,292.56,2.75,N
23.71609,86.4419,309.88,0.41,0.37,2026-09-12,2014,N,nominal,2.0NRT,291.6,1.2,N
23.7154,86.44591,304.37,0.41,0.37,2026-09-12,2014,N,nominal,2.0NRT,291.11,1.2,N
23.7147,86.44991,311.36,0.41,0.37,2026-09-12,2014,N,nominal,2.0NRT,291.86,1.04,N
23.71402,86.45391,304.28,0.41,0.37,2026-09-12,2014,N,nominal,2.0NRT,291.01,1.04,N
23.71544,86.42522,308.23,0.41,0.37,2026-09-12,2014,N,nominal,2.0NRT,292.57,1.12,N
23.71475,86.42923,306.74,0.41,0.37,2026-09-12,2014,N,nominal,2.0NRT,291.61,1.12,N
23.7113,86.44923,319.91,0.41,0.37,2026-09-12,2014,N,nominal,2.0NRT,292.38,1.04,N
23.71061,86.45323,304.7,0.41,0.37,2026-09-12,2014,N,nominal,2.0NRT,291.03,1.04,N
23.71204,86.42454,308.89,0.41,0.37,2026-09-12,2014,N,nominal,2.0NRT,292.7,2.36,N
23.7079,86.44854,314.75,0.41,0.37,2026-09-12,2014,N,nominal,2.0NRT,291.81,1.85,N
23.55814,87.23893,329.6,0.44,0.38,2026-09-12,2014,N,nominal,2.0NRT,290.73,2.43,N
23.55967,87.23042,316.08,0.44,0.38,2026-09-12,2014,N,nominal,2.0NRT,290.73,2.2,N
23.55738,87.24319,304.01,0.44,0.38,2026-09-12,2014,N,nominal,2.0NRT,290.25,2.43,N
23.6861,86.39155,322.52,0.41,0.37,2026-09-12,2014,N,nominal,2.0NRT,292.42,3.33,N
23.68542,86.39553,312.42,0.41,0.37,2026-09-12,2014,N,nominal,2.0NRT,291.71,2.05,N
23.68202,86.39486,323.74,0.41,0.37,2026-09-12,2014,N,nominal,2.0NRT,292.85,2.05,N
23.67794,86.39818,325.93,0.41,0.37,2026-09-12,2014,N,nominal,2.0NRT,293.57,2.26,N
23.67862,86.39417,317.72,0.41,0.37,2026-09-12,2014,N,nominal,2.0NRT,291.8,2.26,N
23.67726,86.40218,313.01,0.41,0.37,2026-09-12,2014,N,nominal,2.0NRT,292.01,1.43,N
23.67454,86.39751,310.79,0.41,0.37,2026-09-12,2014,N,nominal,2.0NRT,292.62,2.26,N
23.67385,86.40151,308.77,0.41,0.37,2026-09-12,2014,N,nominal,2.0NRT,291.88,1.43,N
23.75879,85.85697,307.48,0.4,0.37,2026-09-12,2014,N,nominal,2.0NRT,291.75,3.29,N
23.75609,85.85244,322.13,0.4,0.37,2026-09-12,2014,N,nominal,2.0NRT,293.42,4.37,N
23.75544,85.85631,307.84,0.4,0.37,2026-09-12,2014,N,nominal,2.0NRT,291.79,3.45,N
23.78876,85.55253,312.81,0.39,0.36,2026-09-12,2014,N,nominal,2.0NRT,291.43,1.02,N
23.78543,85.55188,311.24,0.39,0.36,2026-09-12,2014,N,nominal,2.0NRT,291.16,1.22,N
23.68042,86.09537,326.13,0.4,0.37,2026-09-12,2014,N,nominal,2.0NRT,290.87,3.21,N
23.68241,86.0836,307.57,0.4,0.37,2026-09-12,2014,N,nominal,2.0NRT,291.42,1.1,N
23.67842,86.10715,310.7,0.4,0.37,2026-09-12,2014,N,nominal,2.0NRT,290.62,0.57,N
23.67838,86.08684,304.16,0.4,0.37,2026-09-12,2014,N,nominal,2.0NRT,291.05,1.1,N
23.67505,86.10647,309.57,0.4,0.37,2026-09-12,2014,N,nominal,2.0NRT,290.56,0.57,N
23.67767,86.07047,304.57,0.4,0.37,2026-09-12,2014,N,nominal,2.0NRT,291.23,0.84,N
23.67501,86.08616,311.43,0.4,0.37,2026-09-12,2014,N,nominal,2.0NRT,291.12,1.6,N
24.20054,82.71329,299.67,0.41,0.37,2026-09-12,2014,N,nominal,2.0NRT,288.48,0.95,N
23.74516,85.50454,306.95,0.39,0.36,2026-09-12,2014,N,nominal,2.0NRT,290.56,0.82,N
23.54823,86.54303,305.88,0.42,0.37,2026-09-12,2014,N,nominal,2.0NRT,291.16,1.63,N
21.59214,96.22756,304.17,0.53,0.67,2026-09-12,2014,N,nominal,2.0NRT,287.29,0.93,N
24.15983,82.56371,303.76,0.41,0.37,2026-09-12,2014,N,nominal,2.0NRT,290.3,1.34,N
24.15924,82.56773,308.36,0.41,0.37,2026-09-12,2014,N,nominal,2.0NRT,290.49,1.19,N
23.8263,84.57089,299.76,0.38,0.36,2026-09-12,2014,N,nominal,2.0NRT,287.75,1.21,N
23.6954,85.35757,304.61,0.39,0.36,2026-09-12,2014,N,nominal,2.0NRT,290.61,1.14,N
23.7391,85.00703,297.99,0.39,0.36,2026-09-12,2014,N,nominal,2.0NRT,273.74,0.38,N
23.65687,85.50741,309.63,0.39,0.36,2026-09-12,2014,N,nominal,2.0NRT,291.84,1.52,N
23.67653,85.32647,301.79,0.39,0.36,2026-09-12,2014,N,nominal,2.0NRT,282.84,0.31,N
23.67321,85.32582,297.7,0.39,0.36,2026-09-12,2014,N,nominal,2.0NRT,281.67,0.4,N
23.71864,85.00701,299.46,0.39,0.36,2026-09-12,2014,N,nominal,2.0NRT,273.42,0.43,N
23.64767,85.43868,304.17,0.39,0.36,2026-09-12,2014,N,nominal,2.0NRT,289.62,0.98,N
23.0312,86.15887,304.8,0.41,0.37,2026-09-12,2014,N,nominal,2.0NRT,290.73,0.6,N
22.87266,86.06033,302.38,0.41,0.37,2026-09-12,2017,N,nominal,2.0NRT,287.84,0.58,N
22.87199,86.0643,305.44,0.41,0.37,2026-09-12,2017,N,nominal,2.0NRT,287.43,0.58,N
22.7981,86.20949,324.45,0.41,0.37,2026-09-12,2017,N,nominal,2.0NRT,291.48,1.24,N
22.79469,86.20879,316.32,0.41,0.37,2026-09-12,2017,N,nominal,2.0NRT,291.18,1.24,N
22.79129,86.20809,304.79,0.41,0.37,2026-09-12,2017,N,nominal,2.0NRT,291.6,1.25,N
22.79061,86.21207,312.24,0.41,0.37,2026-09-12,2017,N,nominal,2.0NRT,291.4,1.25,N
22.80829,86.08837,306.5,0.41,0.37,2026-09-12,2017,N,nominal,2.0NRT,291.16,1.29,N
22.78994,86.19548,306.63,0.41,0.37,2026-09-12,2017,N,nominal,2.0NRT,292.19,1.8,N
22.78925,86.19945,307.88,0.41,0.37,2026-09-12,2017,N,nominal,2.0NRT,292.48,1.32,N
22.78857,86.20341,307.5,0.41,0.37,2026-09-12,2017,N,nominal,2.0NRT,291.85,1.32,N
22.80083,86.09099,310.27,0.41,0.37,2026-09-12,2017,N,nominal,2.0NRT,292.19,1.55,N
22.37988,87.29131,310.57,0.45,0.39,2026-09-12,2017,N,nominal,2.0NRT,290.38,2.27,N
22.37868,87.27744,328.8,0.45,0.39,2026-09-12,2017,N,nominal,2.0NRT,291.39,5.62,N
22.37789,87.28181,321.47,0.45,0.39,2026-09-12,2017,N,nominal,2.0NRT,291.37,3.59,N
22.61032,85.91248,314.29,0.41,0.37,2026-09-12,2017,N,nominal,2.0NRT,292.26,1.96,N
22.36683,87.30225,310.93,0.46,0.39,2026-09-12,2017,N,nominal,2.0NRT,290.19,2.57,N
22.36327,87.30151,324.39,0.46,0.39,2026-09-12,2017,N,nominal,2.0NRT,289.18,2.57,N
22.3593,87.28251,308.84,0.45,0.39,2026-09-12,2017,N,nominal,2.0NRT,287.4,1.57,N
22.35772,87.29127,312.62,0.45,0.39,2026-09-12,2017,N,nominal,2.0NRT,289.03,2.05,N
22.59069,85.90456,306.11,0.41,0.37,2026-09-12,2017,N,nominal,2.0NRT,291.57,1.25,N
22.57409,85.89846,320.11,0.41,0.37,2026-09-12,2017,N,nominal,2.0NRT,292.78,1.2,N
22.57541,85.89064,306.4,0.41,0.37,2026-09-12,2017,N,nominal,2.0NRT,291.7,1.41,N
22.57475,85.89455,306.69,0.41,0.37,2026-09-12,2017,N,nominal,2.0NRT,292.07,1.41,N
22.57071,85.89777,306.49,0.41,0.37,2026-09-12,2017,N,nominal,2.0NRT,291.31,1.2,N
22.36408,87.01652,310.09,0.44,0.39,2026-09-12,2017,N,nominal,2.0NRT,291.55,2,N
22.36056,87.0158,311.15,0.44,0.39,2026-09-12,2017,N,nominal,2.0NRT,291.71,1.84,N
22.13222,85.38387,311.03,0.4,0.37,2026-09-12,2017,N,nominal,2.0NRT,290.14,0.71,N
22.2116,84.86497,300.16,0.39,0.36,2026-09-12,2017,N,nominal,2.0NRT,278.31,0.89,N
22.20956,84.86136,332.56,0.39,0.36,2026-09-12,2017,N,nominal,2.0NRT,281.4,1.94,N
22.20624,84.86073,303.34,0.39,0.36,2026-09-12,2017,N,nominal,2.0NRT,281.02,1.94,N
22.20475,84.84886,310.81,0.39,0.36,2026-09-12,2017,N,nominal,2.0NRT,283.99,1.23,N
21.99023,85.32662,305.03,0.4,0.37,2026-09-12,2017,N,nominal,2.0NRT,290.08,0.56,N
21.92991,85.22155,314.57,0.4,0.37,2026-09-12,2017,N,nominal,2.0NRT,292.04,1.2,N
21.92594,85.22472,314.86,0.4,0.37,2026-09-12,2017,N,nominal,2.0NRT,292.31,2.41,N
21.8023,83.89389,304.02,0.38,0.36,2026-09-12,2017,N,nominal,2.0NRT,286.77,0.45,N
21.79413,83.881,305.26,0.38,0.36,2026-09-12,2017,N,nominal,2.0NRT,285.84,1.31,N
21.76467,84.02391,324.64,0.38,0.36,2026-09-12,2017,N,nominal,2.0NRT,286.02,2.5,N
21.76525,84.02021,305.16,0.38,0.36,2026-09-12,2017,N,nominal,2.0NRT,286.2,0.64,N
21.76195,84.01962,311.38,0.38,0.36,2026-09-12,2017,N,nominal,2.0NRT,284.52,0.98,N
21.75806,84.02271,299.62,0.38,0.36,2026-09-12,2017,N,nominal,2.0NRT,282.01,0.64,N
21.75475,84.02209,304.73,0.38,0.36,2026-09-12,2017,N,nominal,2.0NRT,282.01,0.72,N
21.75417,84.02579,309.3,0.38,0.36,2026-09-12,2017,N,nominal,2.0NRT,283.42,0.72,N
21.71428,84.04133,308.71,0.38,0.36,2026-09-12,2017,N,nominal,2.0NRT,289.63,0.91,N
21.6807,84.03948,308.54,0.38,0.36,2026-09-12,2017,N,nominal,2.0NRT,290.4,0.8,N
21.68011,84.04317,305.53,0.38,0.36,2026-09-12,2017,N,nominal,2.0NRT,289.7,0.8,N
21.6774,84.03888,317.35,0.38,0.36,2026-09-12,2017,N,nominal,2.0NRT,290.02,1.1,N
21.67351,84.04198,308.87,0.38,0.36,2026-09-12,2017,N,nominal,2.0NRT,290.04,1.1,N
21.00256,86.02729,303.25,0.42,0.38,2026-09-12,2017,N,nominal,2.0NRT,290.27,0.67,N
20.99911,86.02661,304.69,0.42,0.38,2026-09-12,2017,N,nominal,2.0NRT,289.68,0.67,N
20.97435,86.00518,314.19,0.42,0.38,2026-09-12,2017,N,nominal,2.0NRT,291.45,1.99,N
20.96953,86.01254,324.36,0.42,0.38,2026-09-12,2017,N,nominal,2.0NRT,292.49,2.79,N
20.97091,86.00451,311.62,0.42,0.38,2026-09-12,2017,N,nominal,2.0NRT,292.39,2.67,N
20.96814,86.02058,311.49,0.42,0.38,2026-09-12,2017,N,nominal,2.0NRT,291.87,2.49,N
20.96609,86.01186,318.25,0.42,0.38,2026-09-12,2017,N,nominal,2.0NRT,291.74,2.79,N
20.96334,86.00716,312.27,0.42,0.38,2026-09-12,2017,N,nominal,2.0NRT,292.06,2.09,N
20.96195,86.01521,309.98,0.42,0.38,2026-09-12,2017,N,nominal,2.0NRT,291.35,1.26,N
20.95294,86.04669,334.33,0.42,0.38,2026-09-12,2017,N,nominal,2.0NRT,292.45,3.01,N
20.95224,86.05075,314.07,0.42,0.38,2026-09-12,2017,N,nominal,2.0NRT,291.86,3.01,N
20.94949,86.04604,323.82,0.42,0.38,2026-09-12,2017,N,nominal,2.0NRT,291.41,2.22,N
20.94878,86.05009,311.67,0.42,0.38,2026-09-12,2017,N,nominal,2.0NRT,291.2,2.22,N
20.93979,86.06087,306.18,0.42,0.38,2026-09-12,2017,N,nominal,2.0NRT,292.05,1.43,N
21.08164,85.03528,307.46,0.4,0.37,2026-09-12,2017,N,nominal,2.0NRT,291.83,1.14,N
21.07829,85.03465,312.25,0.4,0.37,2026-09-12,2017,N,nominal,2.0NRT,293.31,1.14,N
21.07767,85.03843,314.69,0.4,0.37,2026-09-12,2017,N,nominal,2.0NRT,292.85,1.14,N
21.07704,85.04221,314.71,0.4,0.37,2026-09-12,2017,N,nominal,2.0NRT,291.72,2.17,N
21.07432,85.0378,310.74,0.4,0.37,2026-09-12,2017,N,nominal,2.0NRT,292.77,1.67,N
21.07369,85.04157,309.2,0.4,0.37,2026-09-12,2017,N,nominal,2.0NRT,291.51,1.59,N
20.9765,85.16814,317.71,0.4,0.37,2026-09-12,2017,N,nominal,2.0NRT,292.62,1.76,N
20.97586,85.17195,319.59,0.4,0.37,2026-09-12,2017,N,nominal,2.0NRT,292.78,1.31,N
20.97522,85.17574,307.47,0.4,0.37,2026-09-12,2017,N,nominal,2.0NRT,291.83,1.31,N
20.9789,85.13326,309,0.4,0.37,2026-09-12,2017,N,nominal,2.0NRT,292.7,1.52,N
20.97826,85.13706,312.15,0.4,0.37,2026-09-12,2017,N,nominal,2.0NRT,292.59,1.52,N
20.97186,85.17511,316.76,0.4,0.37,2026-09-12,2017,N,nominal,2.0NRT,292.54,1.31,N
20.9685,85.17447,343.92,0.4,0.37,2026-09-12,2017,N,nominal,2.0NRT,294,2.57,N
20.96914,85.17067,308.66,0.4,0.37,2026-09-12,2017,N,nominal,2.0NRT,292.09,2.57,N
20.96786,85.17827,307.53,0.4,0.37,2026-09-12,2017,N,nominal,2.0NRT,292.09,1.22,N
20.96594,85.18972,307.73,0.4,0.37,2026-09-12,2017,N,nominal,2.0NRT,291.97,2.48,N
20.96835,85.15481,327.59,0.4,0.37,2026-09-12,2017,N,nominal,2.0NRT,292.6,2.19,N
20.96322,85.18526,325.01,0.4,0.37,2026-09-12,2017,N,nominal,2.0NRT,292.87,2.48,N
20.96257,85.18909,338.76,0.4,0.37,2026-09-12,2017,N,nominal,2.0NRT,294.09,2.48,N
20.96643,85.16622,309.45,0.4,0.37,2026-09-12,2017,N,nominal,2.0NRT,292.28,1.5,N
20.96515,85.17383,309.01,0.4,0.37,2026-09-12,2017,N,nominal,2.0NRT,292.56,2.57,N
20.9645,85.17764,306.31,0.4,0.37,2026-09-12,2017,N,nominal,2.0NRT,292.55,1.22,N
20.96786,85.15176,321.31,0.4,0.37,2026-09-12,2017,N,nominal,2.0NRT,292.31,2.12,N
20.96407,85.17461,321.81,0.4,0.37,2026-09-12,2017,N,nominal,2.0NRT,293.18,1.46,N
20.96218,85.18604,334.36,0.4,0.37,2026-09-12,2017,N,nominal,2.0NRT,293.08,3.17,N
20.96154,85.18987,328.18,0.4,0.37,2026-09-12,2017,N,nominal,2.0NRT,292.85,3.17,N
20.96723,85.15557,308.38,0.4,0.37,2026-09-12,2017,N,nominal,2.0NRT,291.67,1.53,N
20.96597,85.16319,306.93,0.4,0.37,2026-09-12,2017,N,nominal,2.0NRT,292.11,1.23,N
20.96533,85.16698,319.03,0.4,0.37,2026-09-12,2017,N,nominal,2.0NRT,293.23,1.23,N
20.96344,85.17841,306.12,0.4,0.37,2026-09-12,2017,N,nominal,2.0NRT,292.38,2.4,N
20.96198,85.16634,307.01,0.4,0.37,2026-09-12,2017,N,nominal,2.0NRT,292.38,1.23,N
20.96135,85.17016,307.7,0.4,0.37,2026-09-12,2017,N,nominal,2.0NRT,292.64,1.46,N
20.96071,85.17396,309.75,0.4,0.37,2026-09-12,2017,N,nominal,2.0NRT,292.22,1.46,N
20.95699,85.00874,304.61,0.4,0.37,2026-09-12,2017,N,nominal,2.0NRT,291.27,1.11,N
39.8603,98.25165,302.93,0.52,0.5,2026-09-12,2010,N,nominal,2.0NRT,284.58,1.53,N
20.95636,85.01252,314.59,0.4,0.37,2026-09-12,2017,N,nominal,2.0NRT,292.53,2.12,N
20.88923,84.98034,313.91,0.4,0.37,2026-09-12,2017,N,nominal,2.0NRT,292.16,1.2,N
39.84423,98.27753,303.69,0.52,0.5,2026-09-12,2010,N,nominal,2.0NRT,282.75,0.87,N
20.88745,84.98,309.65,0.4,0.37,2026-09-12,2017,N,nominal,2.0NRT,292.12,1.45,N
39.8251,98.276,296.47,0.52,0.5,2026-09-12,2010,N,nominal,2.0NRT,286.09,1.82,N
20.88683,84.98378,316.5,0.4,0.37,2026-09-12,2017,N,nominal,2.0NRT,292.52,1.14,N
39.81184,98.29015,297.86,0.52,0.5,2026-09-12,2010,N,nominal,2.0NRT,285.83,1.45,N
20.88348,84.98315,307.5,0.4,0.37,2026-09-12,2017,N,nominal,2.0NRT,292.23,1.14,N
39.80887,98.30217,304.35,0.52,0.5,2026-09-12,2010,N,nominal,2.0NRT,286.5,2.27,N
20.86822,84.99197,312.29,0.4,0.37,2026-09-12,2017,N,nominal,2.0NRT,292.31,1.35,N
39.81421,98.28451,297.31,0.52,0.5,2026-09-12,2010,N,nominal,2.0NRT,285.4,1.91,N
20.86424,84.99514,330.72,0.4,0.37,2026-09-12,2017,N,nominal,2.0NRT,293.17,2.75,N
39.81277,98.29051,299.2,0.52,0.5,2026-09-12,2010,N,nominal,2.0NRT,286.24,2.65,N
20.8655,84.98754,312.6,0.4,0.37,2026-09-12,2017,N,nominal,2.0NRT,292.9,2.38,N
39.80987,98.30257,304.24,0.53,0.5,2026-09-12,2010,N,nominal,2.0NRT,286.87,1.43,N
20.86487,84.99133,309.5,0.4,0.37,2026-09-12,2017,N,nominal,2.0NRT,292.34,2.38,N
39.79071,98.30104,305.17,0.53,0.5,2026-09-12,2010,N,nominal,2.0NRT,284.59,1.57,N
20.86215,84.98692,334.13,0.4,0.37,2026-09-12,2017,N,nominal,2.0NRT,291.99,2.38,N
39.79214,97.88825,295.77,0.5,0.49,2026-09-12,2010,N,nominal,2.0NRT,284.78,1.47,N
20.80709,85.25542,325.4,0.4,0.37,2026-09-12,2017,N,nominal,2.0NRT,293.45,3.13,N
20.80645,85.25925,306.55,0.4,0.37,2026-09-12,2017,N,nominal,2.0NRT,291.74,1.42,N
20.79972,85.25796,315.86,0.4,0.37,2026-09-12,2017,N,nominal,2.0NRT,291.6,1.14,N
20.79635,85.25731,305.14,0.4,0.37,2026-09-12,2017,N,nominal,2.0NRT,291.3,1.14,N
20.79362,85.25285,339.94,0.4,0.37,2026-09-12,2017,N,nominal,2.0NRT,292.85,5.89,N
20.78896,85.25988,305.65,0.4,0.37,2026-09-12,2017,N,nominal,2.0NRT,291.99,2.19,N
20.78767,85.26756,312.77,0.4,0.37,2026-09-12,2017,N,nominal,2.0NRT,291.99,1.68,N
20.78559,85.25925,308.8,0.4,0.37,2026-09-12,2017,N,nominal,2.0NRT,292.24,1.25,N
20.78495,85.26309,319.78,0.4,0.37,2026-09-12,2017,N,nominal,2.0NRT,292.29,2.72,N
20.76164,85.29824,312.55,0.4,0.37,2026-09-12,2017,N,nominal,2.0NRT,290.92,1.14,N
20.75891,85.29375,306.55,0.4,0.37,2026-09-12,2017,N,nominal,2.0NRT,289.85,1.11,N
20.75826,85.29758,310.62,0.4,0.37,2026-09-12,2017,N,nominal,2.0NRT,290.04,1.11,N
15.65777,73.9874,304.1,0.63,0.54,2026-09-12,2019,N,nominal,2.0NRT,288.92,1.15,N
15.659,73.98737,305.29,0.63,0.54,2026-09-12,2019,N,nominal,2.0NRT,289.26,1.14,N
15.18691,76.65974,296.41,0.42,0.45,2026-09-12,2019,N,nominal,2.0NRT,270.54,0.71,N
15.18168,76.66698,302.65,0.42,0.45,2026-09-12,2019,N,nominal,2.0NRT,268.52,0.75,N
37.34761,97.41268,295.15,0.54,0.51,2026-09-12,2010,N,nominal,2.0NRT,278.01,0.62,N
15.17381,76.69381,295.21,0.42,0.45,2026-09-12,2019,N,nominal,2.0NRT,268.19,0.23,N
35.9912,94.82886,299.53,0.43,0.46,2026-09-12,2010,N,nominal,2.0NRT,277.65,1.35,N
15.1749,76.65414,301.32,0.42,0.45,2026-09-12,2019,N,nominal,2.0NRT,269.92,0.45,N
15.17437,76.65804,298.29,0.42,0.45,2026-09-12,2019,N,nominal,2.0NRT,270.44,0.45,N
15.17293,76.37693,298.76,0.44,0.46,2026-09-12,2019,N,nominal,2.0NRT,276.57,0.56,N
15.16814,76.38044,303.41,0.44,0.46,2026-09-12,2019,N,nominal,2.0NRT,278.28,1.56,N
14.58845,78.57951,311.22,0.48,0.4,2026-09-12,2019,N,nominal,2.0NRT,295.38,9.62,N
39.6487,75.94482,303.21,0.38,0.58,2026-09-12,2153,N,nominal,2.0NRT,285.65,1.05,N
39.34718,76.0965,299.47,0.39,0.59,2026-09-12,2153,N,nominal,2.0NRT,285.08,0.76,N
38.65778,76.17032,309.76,0.41,0.61,2026-09-12,2153,N,nominal,2.0NRT,283.85,1.74,N
39.85401,66.19872,303.17,0.41,0.37,2026-09-12,2153,N,nominal,2.0NRT,286.56,1.06,N
39.64184,66.85832,301.65,0.43,0.38,2026-09-12,2153,N,nominal,2.0NRT,286.68,0.64,N
39.20272,66.83934,300.38,0.44,0.38,2026-09-12,2153,N,nominal,2.0NRT,289.51,1.1,N
39.18181,65.31318,310.65,0.4,0.37,2026-09-12,2153,N,nominal,2.0NRT,288,1.02,N
39.4345,62.99327,314.57,0.39,0.36,2026-09-12,2153,N,nominal,2.0NRT,286.87,1.33,N
39.14476,64.27142,298.33,0.39,0.36,2026-09-12,2153,N,nominal,2.0NRT,285.97,0.56,N
39.23923,63.50184,299.1,0.38,0.36,2026-09-12,2153,N,nominal,2.0NRT,286.74,0.5,N
39.30429,62.97609,301.49,0.39,0.36,2026-09-12,2153,N,nominal,2.0NRT,287.7,0.93,N
39.28279,63.0489,310.01,0.38,0.36,2026-09-12,2153,N,nominal,2.0NRT,287.19,0.72,N
39.27731,63.08432,301.48,0.38,0.36,2026-09-12,2153,N,nominal,2.0NRT,287.46,0.36,N
39.27047,63.12849,296.74,0.38,0.36,2026-09-12,2153,N,nominal,2.0NRT,286.59,0.22,N
39.25082,63.21079,312.32,0.38,0.36,2026-09-12,2153,N,nominal,2.0NRT,288.15,1.25,N
39.25013,63.2152,303.64,0.38,0.36,2026-09-12,2153,N,nominal,2.0NRT,287.69,0.86,N
39.19306,63.577,296.93,0.38,0.36,2026-09-12,2153,N,nominal,2.0NRT,286.36,0.42,N
39.24975,63.17374,311.92,0.38,0.36,2026-09-12,2153,N,nominal,2.0NRT,288.01,1.2,N
39.18767,63.37356,296.15,0.38,0.36,2026-09-12,2153,N,nominal,2.0NRT,285.84,0.38,N
39.19496,63.28363,299.41,0.38,0.36,2026-09-12,2153,N,nominal,2.0NRT,286.38,0.44,N
39.18457,63.3498,304.19,0.38,0.36,2026-09-12,2153,N,nominal,2.0NRT,285.99,0.67,N
39.18059,63.35336,310.61,0.38,0.36,2026-09-12,2153,N,nominal,2.0NRT,287.48,0.91,N
39.1982,63.19722,314.95,0.38,0.36,2026-09-12,2153,N,nominal,2.0NRT,287.99,1.28,N
39.19614,63.21047,302.52,0.38,0.36,2026-09-12,2153,N,nominal,2.0NRT,286.27,0.28,N
39.18648,63.27225,299.05,0.38,0.36,2026-09-12,2153,N,nominal,2.0NRT,285.75,0.34,N
39.17766,63.30669,303.38,0.38,0.36,2026-09-12,2153,N,nominal,2.0NRT,286.38,0.5,N
39.17142,63.34639,296.8,0.38,0.36,2026-09-12,2153,N,nominal,2.0NRT,286,0.44,N
39.17385,63.28735,301.34,0.38,0.36,2026-09-12,2153,N,nominal,2.0NRT,286.9,0.5,N
39.17801,63.24498,306.43,0.38,0.36,2026-09-12,2153,N,nominal,2.0NRT,287.13,0.48,N
39.17178,63.28468,300.64,0.38,0.36,2026-09-12,2153,N,nominal,2.0NRT,287.44,0.62,N
39.17817,63.22208,305.4,0.38,0.36,2026-09-12,2153,N,nominal,2.0NRT,286.87,0.59,N
39.16936,63.25652,308.9,0.38,0.36,2026-09-12,2153,N,nominal,2.0NRT,288.35,1.1,N
39.16867,63.26093,305,0.38,0.36,2026-09-12,2153,N,nominal,2.0NRT,287.23,0.67,N
39.16538,63.26008,305.1,0.38,0.36,2026-09-12,2153,N,nominal,2.0NRT,286.81,0.67,N
39.16469,63.26449,297.92,0.38,0.36,2026-09-12,2153,N,nominal,2.0NRT,286.12,0.67,N
39.15638,63.3174,300.21,0.38,0.36,2026-09-12,2153,N,nominal,2.0NRT,286.07,0.58,N
39.15569,63.3218,296.21,0.38,0.36,2026-09-12,2153,N,nominal,2.0NRT,285.84,0.34,N
39.13132,63.47601,302.33,0.38,0.36,2026-09-12,2153,N,nominal,2.0NRT,286.87,0.78,N
39.12685,63.46108,303.93,0.38,0.36,2026-09-12,2153,N,nominal,2.0NRT,285.82,0.6,N
39.12984,63.42059,313.77,0.38,0.36,2026-09-12,2153,N,nominal,2.0NRT,287.99,1.39,N
38.6833,65.9893,300.38,0.42,0.38,2026-09-12,2153,N,nominal,2.0NRT,287.72,0.7,N
38.68591,65.95516,301.57,0.42,0.37,2026-09-12,2153,N,nominal,2.0NRT,288.8,1.32,N
39.11689,63.39428,304.3,0.38,0.36,2026-09-12,2153,N,nominal,2.0NRT,285.29,0.68,N
39.12749,63.30532,298.87,0.38,0.36,2026-09-12,2153,N,nominal,2.0NRT,285.95,0.63,N
39.1268,63.30973,303.4,0.38,0.36,2026-09-12,2153,N,nominal,2.0NRT,286.59,0.63,N
38.67912,65.95315,297.93,0.42,0.37,2026-09-12,2153,N,nominal,2.0NRT,287.25,0.52,N
39.08582,63.48245,303.81,0.38,0.36,2026-09-12,2153,N,nominal,2.0NRT,285.49,0.57,N
39.07468,63.40163,299.63,0.38,0.36,2026-09-12,2153,N,nominal,2.0NRT,286.33,0.42,N
39.03919,63.60316,297.47,0.38,0.36,2026-09-12,2153,N,nominal,2.0NRT,286.83,0.45,N
39.06692,63.38586,297.75,0.38,0.36,2026-09-12,2153,N,nominal,2.0NRT,286.8,0.44,N
39.01637,63.70262,296.64,0.38,0.36,2026-09-12,2153,N,nominal,2.0NRT,285.56,0.36,N
38.97292,63.65667,301.77,0.38,0.36,2026-09-12,2153,N,nominal,2.0NRT,286.61,0.78,N
38.97293,63.59254,303.49,0.38,0.36,2026-09-12,2153,N,nominal,2.0NRT,288.01,0.74,N
38.968,63.62331,301.39,0.38,0.36,2026-09-12,2153,N,nominal,2.0NRT,287.05,0.4,N
38.97545,63.46957,311.84,0.38,0.36,2026-09-12,2153,N,nominal,2.0NRT,287.6,0.86,N
38.91781,63.80704,300.76,0.38,0.36,2026-09-12,2153,N,nominal,2.0NRT,286.38,0.64,N
38.9101,63.79124,302.59,0.38,0.36,2026-09-12,2153,N,nominal,2.0NRT,285.66,0.69,N
38.87251,63.79658,303.2,0.38,0.36,2026-09-12,2153,N,nominal,2.0NRT,285.61,1.13,N
38.8718,63.80097,308.26,0.38,0.36,2026-09-12,2153,N,nominal,2.0NRT,286.01,0.71,N
38.83796,63.81948,312.87,0.39,0.36,2026-09-12,2153,N,nominal,2.0NRT,287.38,0.94,N
38.83538,63.81421,300.35,0.39,0.36,2026-09-12,2153,N,nominal,2.0NRT,287.67,0.96,N
38.66776,64.77763,298.55,0.39,0.37,2026-09-12,2153,N,nominal,2.0NRT,286.54,0.4,N
38.78461,63.91533,308.53,0.39,0.36,2026-09-12,2153,N,nominal,2.0NRT,286.2,0.85,N
38.4552,65.80294,297.66,0.42,0.37,2026-09-12,2153,N,nominal,2.0NRT,287.29,0.44,N
38.77338,63.81607,299.56,0.39,0.36,2026-09-12,2153,N,nominal,2.0NRT,287.48,0.53,N
38.70935,63.93858,299.03,0.39,0.36,2026-09-12,2153,N,nominal,2.0NRT,287.05,0.51,N
38.05392,67.26489,302.08,0.47,0.4,2026-09-12,2153,N,nominal,2.0NRT,288.26,0.76,N
38.05034,67.26381,338.6,0.47,0.4,2026-09-12,2153,N,nominal,2.0NRT,290,5.91,N
38.28444,64.38245,301.14,0.39,0.36,2026-09-12,2153,N,nominal,2.0NRT,286.69,0.68,N
38.16982,64.57613,302.74,0.39,0.36,2026-09-12,2153,N,nominal,2.0NRT,286.03,0.87,N
38.12082,64.74013,298.45,0.4,0.37,2026-09-12,2153,N,nominal,2.0NRT,286.42,0.54,N
38.12827,64.67667,313.51,0.4,0.37,2026-09-12,2153,N,nominal,2.0NRT,286.77,1.49,N
38.1188,64.71146,306.35,0.4,0.37,2026-09-12,2153,N,nominal,2.0NRT,286.97,0.89,N
38.08753,64.87186,302.06,0.4,0.37,2026-09-12,2153,N,nominal,2.0NRT,286.18,0.73,N
37.9964,65.00982,300.17,0.4,0.37,2026-09-12,2153,N,nominal,2.0NRT,286.93,0.56,N
37.95933,65.06119,297.22,0.4,0.37,2026-09-12,2153,N,nominal,2.0NRT,285.77,0.24,N
37.96552,65.00591,314.07,0.4,0.37,2026-09-12,2153,N,nominal,2.0NRT,288.33,1.58,N
37.90536,65.10795,298.31,0.4,0.37,2026-09-12,2153,N,nominal,2.0NRT,286.62,0.61,N
37.88752,65.08641,312.51,0.4,0.37,2026-09-12,2153,N,nominal,2.0NRT,286.92,0.92,N
37.82963,65.17519,305.47,0.41,0.37,2026-09-12,2153,N,nominal,2.0NRT,286.66,0.66,N
37.82708,65.16969,302.31,0.41,0.37,2026-09-12,2153,N,nominal,2.0NRT,286.58,0.5,N
37.82627,65.17424,300.73,0.41,0.37,2026-09-12,2153,N,nominal,2.0NRT,286.94,0.5,N
37.82291,65.17328,297.75,0.41,0.37,2026-09-12,2153,N,nominal,2.0NRT,286.2,0.5,N
37.79028,65.35656,296.79,0.41,0.37,2026-09-12,2153,N,nominal,2.0NRT,285.63,0.48,N
37.76608,65.43208,300.88,0.41,0.37,2026-09-12,2153,N,nominal,2.0NRT,287.7,0.35,N
37.80206,65.19138,301.92,0.41,0.37,2026-09-12,2153,N,nominal,2.0NRT,286.91,0.53,N
37.67629,65.26434,305.6,0.41,0.37,2026-09-12,2153,N,nominal,2.0NRT,287.71,0.74,N
37.96043,62.66564,323.52,0.38,0.36,2026-09-12,2153,N,nominal,2.0NRT,288.3,2.18,N
37.98989,61.8826,327.81,0.39,0.36,2026-09-12,2153,N,nominal,2.0NRT,288.92,2.69,N
37.98592,61.88624,306.64,0.39,0.36,2026-09-12,2153,N,nominal,2.0NRT,288.74,0.77,N
37.90417,61.98331,296.79,0.39,0.36,2026-09-12,2153,N,nominal,2.0NRT,285.33,0.33,N
37.88767,62.02496,299.62,0.39,0.36,2026-09-12,2153,N,nominal,2.0NRT,286.51,0.85,N
37.79758,62.55093,330.01,0.39,0.36,2026-09-12,2153,N,nominal,2.0NRT,290.47,4.19,N
37.78904,62.53983,327.28,0.39,0.36,2026-09-12,2153,N,nominal,2.0NRT,287.73,1.99,N
37.78971,62.53549,305.56,0.39,0.36,2026-09-12,2153,N,nominal,2.0NRT,285.92,1.24,N
37.78641,62.53468,310.67,0.39,0.36,2026-09-12,2153,N,nominal,2.0NRT,285.27,1.04,N
37.78445,62.52519,300.03,0.39,0.36,2026-09-12,2153,N,nominal,2.0NRT,285.99,0.32,N
38.68333,54.31219,300.58,0.53,0.5,2026-09-12,2153,N,nominal,2.0NRT,289.15,0.92,N
38.68283,54.31839,301.43,0.53,0.5,2026-09-12,2153,N,nominal,2.0NRT,289.31,0.92,N
38.67866,54.31155,302.37,0.53,0.5,2026-09-12,2153,N,nominal,2.0NRT,288.98,0.92,N
38.67816,54.31776,304.9,0.53,0.5,2026-09-12,2153,N,nominal,2.0NRT,289.03,0.92,N
37.77829,62.10115,302.27,0.39,0.36,2026-09-12,2153,N,nominal,2.0NRT,287.51,0.62,N
37.84487,61.60522,315.22,0.39,0.36,2026-09-12,2153,N,nominal,2.0NRT,288.17,1.42,N
37.77888,62.02866,298.6,0.39,0.36,2026-09-12,2153,N,nominal,2.0NRT,286.95,0.41,N
37.77557,62.02786,302.56,0.39,0.36,2026-09-12,2153,N,nominal,2.0NRT,285.45,0.73,N
38.64793,54.28228,334.15,0.53,0.5,2026-09-12,2153,N,nominal,2.0NRT,290.92,3.06,N
37.74656,62.12982,296.46,0.39,0.36,2026-09-12,2153,N,nominal,2.0NRT,285.33,0.78,N
37.74325,62.12902,308.59,0.39,0.36,2026-09-12,2153,N,nominal,2.0NRT,286.87,0.78,N
37.74121,62.07415,307.47,0.39,0.36,2026-09-12,2153,N,nominal,2.0NRT,286.47,1.01,N
37.728,62.09367,324.88,0.39,0.36,2026-09-12,2153,N,nominal,2.0NRT,289.12,2.54,N
37.72549,62.09433,327.95,0.39,0.36,2026-09-12,2153,N,nominal,2.0NRT,286.5,2.44,N
37.75112,61.85499,309.59,0.39,0.36,2026-09-12,2153,N,nominal,2.0NRT,286.38,0.85,N
37.74579,61.84462,308.19,0.39,0.36,2026-09-12,2153,N,nominal,2.0NRT,287.87,0.75,N
37.66994,62.23478,308.22,0.39,0.36,2026-09-12,2153,N,nominal,2.0NRT,285.9,1.23,N
37.66928,62.23912,318.12,0.39,0.36,2026-09-12,2153,N,nominal,2.0NRT,287.21,1.23,N
37.66201,62.24189,312.96,0.39,0.36,2026-09-12,2153,N,nominal,2.0NRT,287.86,0.67,N
38.26086,57.65942,304.8,0.53,0.42,2026-09-12,2153,N,nominal,2.0NRT,291.99,1.72,N
37.65871,62.2411,296.5,0.39,0.36,2026-09-12,2153,N,nominal,2.0NRT,285.2,0.67,N
37.65805,62.24545,304.64,0.39,0.36,2026-09-12,2153,N,nominal,2.0NRT,285.13,0.67,N
38.21993,57.98929,308.19,0.52,0.41,2026-09-12,2153,N,nominal,2.0NRT,290.06,1.35,N
37.70381,61.78001,297.13,0.39,0.36,2026-09-12,2153,N,nominal,2.0NRT,286.41,0.25,N
37.64022,62.20507,306.4,0.39,0.36,2026-09-12,2153,N,nominal,2.0NRT,286.82,0.85,N
37.63692,62.20427,305.22,0.39,0.36,2026-09-12,2153,N,nominal,2.0NRT,284.98,0.85,N
37.62899,62.2114,300.1,0.39,0.36,2026-09-12,2153,N,nominal,2.0NRT,287.83,0.6,N
37.62833,62.21575,307.41,0.39,0.36,2026-09-12,2153,N,nominal,2.0NRT,287.29,1.03,N
38.18182,57.98247,302.35,0.52,0.41,2026-09-12,2153,N,nominal,2.0NRT,288.96,1.1,N
37.62569,62.2106,297.74,0.39,0.36,2026-09-12,2153,N,nominal,2.0NRT,285.91,0.5,N
37.62832,62.17061,301.77,0.39,0.36,2026-09-12,2153,N,nominal,2.0NRT,285.51,0.6,N
37.62501,62.16982,326.3,0.39,0.36,2026-09-12,2153,N,nominal,2.0NRT,290.09,2.4,N
37.6577,61.90581,303.14,0.39,0.36,2026-09-12,2153,N,nominal,2.0NRT,287.03,1.28,N
37.62498,62.12463,312.37,0.39,0.36,2026-09-12,2153,N,nominal,2.0NRT,287.43,1.52,N
37.65439,61.90502,316.07,0.39,0.36,2026-09-12,2153,N,nominal,2.0NRT,289.16,1.28,N
37.6197,62.13693,315.68,0.39,0.36,2026-09-12,2153,N,nominal,2.0NRT,290.03,1.55,N
37.61905,62.14128,301.93,0.39,0.36,2026-09-12,2153,N,nominal,2.0NRT,287.81,0.83,N
37.6314,61.72437,305.36,0.39,0.36,2026-09-12,2153,N,nominal,2.0NRT,286.9,0.85,N
37.80708,60.33288,297.66,0.42,0.38,2026-09-12,2153,N,nominal,2.0NRT,286.94,0.56,N
37.6061,61.70933,309.34,0.39,0.36,2026-09-12,2153,N,nominal,2.0NRT,285.79,0.82,N
37.6177,61.60688,297.07,0.39,0.36,2026-09-12,2153,N,nominal,2.0NRT,285.73,0.27,N
37.61103,61.60534,330.34,0.39,0.36,2026-09-12,2153,N,nominal,2.0NRT,293.58,3.61,N
37.61557,61.5743,298.56,0.39,0.36,2026-09-12,2153,N,nominal,2.0NRT,287.78,0.68,N
37.61492,61.57873,311.75,0.39,0.36,2026-09-12,2153,N,nominal,2.0NRT,289.85,0.7,N
37.61298,61.59204,318.85,0.39,0.36,2026-09-12,2153,N,nominal,2.0NRT,289.65,1.52,N
37.61223,61.57353,304.15,0.39,0.36,2026-09-12,2153,N,nominal,2.0NRT,288.48,1.11,N
37.61158,61.57796,304.1,0.39,0.36,2026-09-12,2153,N,nominal,2.0NRT,289.06,1.04,N
37.6077,61.60456,298.55,0.39,0.36,2026-09-12,2153,N,nominal,2.0NRT,288.14,0.79,N
37.55895,61.93474,296.63,0.39,0.36,2026-09-12,2153,N,nominal,2.0NRT,286.4,0.41,N
37.55563,61.93396,297.57,0.39,0.36,2026-09-12,2153,N,nominal,2.0NRT,286.59,0.41,N
37.57186,61.80157,300.49,0.39,0.36,2026-09-12,2153,N,nominal,2.0NRT,289.72,0.38,N
37.60482,61.55346,317.09,0.39,0.36,2026-09-12,2153,N,nominal,2.0NRT,290.67,1.71,N
37.5975,61.55635,328.04,0.39,0.36,2026-09-12,2153,N,nominal,2.0NRT,289.86,1.68,N
37.59686,61.56079,304.09,0.39,0.36,2026-09-12,2153,N,nominal,2.0NRT,288.02,1.68,N
37.59534,61.52372,320.86,0.39,0.36,2026-09-12,2153,N,nominal,2.0NRT,288.44,1.46,N
37.5947,61.52816,323.52,0.39,0.36,2026-09-12,2153,N,nominal,2.0NRT,289.11,2.18,N
37.59019,61.55925,302.55,0.39,0.36,2026-09-12,2153,N,nominal,2.0NRT,288.96,0.73,N
37.58954,61.56369,298.31,0.39,0.36,2026-09-12,2153,N,nominal,2.0NRT,288.25,0.49,N
37.59287,61.52991,333.99,0.39,0.36,2026-09-12,2153,N,nominal,2.0NRT,290.71,3.27,N
37.5883,61.56096,298.95,0.39,0.36,2026-09-12,2153,N,nominal,2.0NRT,288.42,1.62,N
37.58497,61.56019,324.65,0.39,0.36,2026-09-12,2153,N,nominal,2.0NRT,289.09,1.62,N
37.58823,61.53802,302.35,0.39,0.36,2026-09-12,2153,N,nominal,2.0NRT,286.84,0.69,N
37.58163,61.55942,305.73,0.39,0.36,2026-09-12,2153,N,nominal,2.0NRT,289.3,0.95,N
38.02681,58.17348,303.69,0.5,0.41,2026-09-12,2153,N,nominal,2.0NRT,290.87,0.92,N
37.50023,61.99078,298.71,0.39,0.36,2026-09-12,2153,N,nominal,2.0NRT,286.71,0.36,N
37.48039,62.00866,310.39,0.39,0.36,2026-09-12,2153,N,nominal,2.0NRT,288.22,1.12,N
37.94275,58.56041,302.32,0.48,0.4,2026-09-12,2153,N,nominal,2.0NRT,290.15,0.78,N
37.94209,58.56593,301.72,0.48,0.4,2026-09-12,2153,N,nominal,2.0NRT,290.26,0.78,N
37.48169,61.97735,308.96,0.39,0.36,2026-09-12,2153,N,nominal,2.0NRT,287.16,0.91,N
37.49801,61.84537,327.1,0.39,0.36,2026-09-12,2153,N,nominal,2.0NRT,291.43,2.42,N
37.49736,61.84975,325.45,0.39,0.36,2026-09-12,2153,N,nominal,2.0NRT,290.24,2.42,N
37.42428,62.31033,335.65,0.39,0.36,2026-09-12,2153,N,nominal,2.0NRT,288.38,3.51,N
37.40384,62.30989,305.85,0.39,0.36,2026-09-12,2153,N,nominal,2.0NRT,286.14,0.66,N
37.39591,62.31696,309.73,0.39,0.36,2026-09-12,2153,N,nominal,2.0NRT,288.07,0.71,N
37.63609,60.34107,314.37,0.42,0.38,2026-09-12,2153,N,nominal,2.0NRT,288.87,1.19,N
37.62253,60.43993,301.72,0.42,0.37,2026-09-12,2153,N,nominal,2.0NRT,287.54,0.65,N
37.61869,60.39072,299.48,0.42,0.37,2026-09-12,2153,N,nominal,2.0NRT,288.65,0.63,N
37.52655,61.05008,301.6,0.4,0.37,2026-09-12,2153,N,nominal,2.0NRT,288.44,1.06,N
37.51515,61.05686,297.52,0.4,0.37,2026-09-12,2153,N,nominal,2.0NRT,287.33,0.41,N
36.70177,65.96095,299.67,0.44,0.38,2026-09-12,2153,N,nominal,2.0NRT,288.7,0.61,N
37.51084,61.01386,317.47,0.4,0.37,2026-09-12,2153,N,nominal,2.0NRT,289.51,1.97,N
37.50554,61.02669,306.74,0.4,0.37,2026-09-12,2153,N,nominal,2.0NRT,289.94,0.77,N
37.50217,61.02593,308.36,0.4,0.37,2026-09-12,2153,N,nominal,2.0NRT,288.64,1.28,N
37.48727,60.45684,296.62,0.41,0.37,2026-09-12,2153,N,nominal,2.0NRT,286.43,0.5,N
37.34864,61.36387,323.79,0.4,0.37,2026-09-12,2153,N,nominal,2.0NRT,289.26,1.92,N
37.36887,61.05441,297.57,0.4,0.37,2026-09-12,2153,N,nominal,2.0NRT,286.75,0.66,N
37.30675,61.12109,295.82,0.4,0.37,2026-09-12,2153,N,nominal,2.0NRT,285.6,0.44,N
35.96789,68.68779,301.75,0.39,0.44,2026-09-12,2153,N,nominal,2.0NRT,291.54,1.33,N
37.11781,62.36289,330.95,0.38,0.36,2026-09-12,2153,N,nominal,2.0NRT,290.13,6.07,N
37.11452,62.3621,302.52,0.38,0.36,2026-09-12,2153,N,nominal,2.0NRT,288.3,0.82,N
37.11385,62.3664,300.31,0.38,0.36,2026-09-12,2153,N,nominal,2.0NRT,286.99,0.82,N
37.03405,62.41846,321.21,0.38,0.36,2026-09-12,2153,N,nominal,2.0NRT,290.44,1.95,N
37.03472,62.41416,304.58,0.38,0.36,2026-09-12,2153,N,nominal,2.0NRT,288.14,1.95,N
37.03076,62.41766,307.2,0.38,0.36,2026-09-12,2153,N,nominal,2.0NRT,288.55,2.02,N
37.17887,60.86728,296.92,0.4,0.37,2026-09-12,2153,N,nominal,2.0NRT,285,0.31,N
37.21862,60.02458,312.74,0.42,0.38,2026-09-12,2153,N,nominal,2.0NRT,288.09,0.83,N
37.4534,57.68815,303.81,0.52,0.42,2026-09-12,2153,N,nominal,2.0NRT,289.04,1.47,N
37.34026,58.04596,297.64,0.5,0.41,2026-09-12,2153,N,nominal,2.0NRT,286.52,1.22,N
36.4775,61.6235,307.97,0.39,0.36,2026-09-12,2153,N,nominal,2.0NRT,288.49,2.01,N
36.3698,61.90532,301.44,0.39,0.36,2026-09-12,2153,N,nominal,2.0NRT,287.39,0.59,N
36.36781,61.896,299.48,0.39,0.36,2026-09-12,2153,N,nominal,2.0NRT,286.75,0.41,N
36.44004,61.21794,310.97,0.39,0.36,2026-09-12,2153,N,nominal,2.0NRT,289.72,1.42,N
36.46241,60.85075,303.62,0.4,0.37,2026-09-12,2153,N,nominal,2.0NRT,289,0.47,N
36.99035,56.23291,304.16,0.4,0.44,2026-09-12,2153,N,nominal,2.0NRT,286.41,0.52,N
36.48265,59.74731,303.21,0.43,0.38,2026-09-12,2153,N,nominal,2.0NRT,287.52,0.81,N
36.47919,59.74657,302.67,0.43,0.38,2026-09-12,2153,N,nominal,2.0NRT,286.97,0.81,N
35.94936,62.91886,303.62,0.39,0.36,2026-09-12,2153,N,nominal,2.0NRT,290.56,0.74,N
36.94611,54.88603,312.51,0.47,0.48,2026-09-12,2153,N,nominal,2.0NRT,289.52,1.24,N
36.94561,54.89145,300.92,0.47,0.48,2026-09-12,2153,N,nominal,2.0NRT,289.62,1.24,N
35.9075,62.96579,315.25,0.39,0.36,2026-09-12,2153,N,nominal,2.0NRT,288.5,1.36,N
36.27271,59.65104,302.03,0.43,0.38,2026-09-12,2153,N,nominal,2.0NRT,288.07,0.8,N
36.23714,59.73106,303.87,0.42,0.38,2026-09-12,2153,N,nominal,2.0NRT,286.74,1.14,N
36.34206,58.67939,311.38,0.46,0.39,2026-09-12,2153,N,nominal,2.0NRT,287.91,1.3,N
36.33617,58.66757,304.33,0.46,0.39,2026-09-12,2153,N,nominal,2.0NRT,287.67,0.84,N
33.34065,72.59557,303.3,0.36,0.57,2026-09-12,2153,N,nominal,2.0NRT,291.55,0.41,N
33.33553,72.59368,303.98,0.36,0.57,2026-09-12,2153,N,nominal,2.0NRT,291.63,0.63,N
36.29526,54.78627,297.68,0.47,0.48,2026-09-12,2153,N,nominal,2.0NRT,287.4,0.76,N
33.22001,71.48825,328.32,0.63,0.54,2026-09-12,2153,N,nominal,2.0NRT,291.97,4.6,N
35.35598,60.21676,302.37,0.41,0.37,2026-09-12,2153,N,nominal,2.0NRT,286.6,0.73,N
35.36985,59.30598,296.66,0.43,0.38,2026-09-12,2155,N,nominal,2.0NRT,285.8,0.55,N
35.36637,59.30527,298.23,0.43,0.38,2026-09-12,2155,N,nominal,2.0NRT,285.88,0.55,N
32.88748,71.61791,310.35,0.33,0.55,2026-09-12,2155,N,nominal,2.0NRT,293.71,1.21,N
32.88958,71.61769,315.28,0.33,0.55,2026-09-12,2155,N,nominal,2.0NRT,294.5,1.43,N
32.38138,72.13918,307.27,0.36,0.57,2026-09-12,2155,N,nominal,2.0NRT,294.46,1.4,N
33.7519,59.14613,297.55,0.42,0.38,2026-09-12,2155,N,nominal,2.0NRT,285.52,0.54,N
33.63011,59.17173,298.22,0.42,0.38,2026-09-12,2155,N,nominal,2.0NRT,287.76,0.61,N
32.92559,60.23154,301.06,0.39,0.36,2026-09-12,2155,N,nominal,2.0NRT,289.55,0.51,N
33.04119,56.85067,309.29,0.51,0.41,2026-09-12,2153,N,nominal,2.0NRT,295.37,1.31,N
33.04201,56.84956,312.23,0.51,0.41,2026-09-12,2153,N,nominal,2.0NRT,296.13,1.88,N
30.4446,70.5678,307,0.32,0.55,2026-09-12,2153,N,nominal,2.0NRT,293.55,0.62,N
32.33369,54.08679,306.24,0.46,0.47,2026-09-12,2153,N,nominal,2.0NRT,291.86,0.94,N
31.84849,54.28442,308.93,0.45,0.47,2026-09-12,2153,N,nominal,2.0NRT,294.64,1.34,N
31.70531,55.44685,309.94,0.39,0.44,2026-09-12,2153,N,nominal,2.0NRT,298.01,1.59,N
31.70416,55.44816,308.46,0.38,0.44,2026-09-12,2153,N,nominal,2.0NRT,297.99,1.51,N
31.62374,54.72586,313.2,0.42,0.45,2026-09-12,2153,N,nominal,2.0NRT,293.71,1.69,N
30.75736,56.65234,312.23,0.49,0.4,2026-09-12,2153,N,nominal,2.0NRT,294.38,1.93,N
30.75672,56.65752,317.14,0.49,0.4,2026-09-12,2153,N,nominal,2.0NRT,295.84,1.93,N
28.42556,69.70238,314.12,0.32,0.54,2026-09-12,2153,N,nominal,2.0NRT,293.87,0.86,N
30.66518,56.61925,310.77,0.49,0.4,2026-09-12,2153,N,nominal,2.0NRT,291.79,1.34,N
30.2354,56.90996,319.22,0.47,0.4,2026-09-12,2153,N,nominal,2.0NRT,294.63,2.2,N
30.23597,56.90825,314.74,0.47,0.4,2026-09-12,2153,N,nominal,2.0NRT,294.11,3.27,N
30.32361,55.97277,305.03,0.52,0.42,2026-09-12,2153,N,nominal,2.0NRT,291.22,1.12,N
30.21529,55.98402,303.73,0.52,0.42,2026-09-12,2153,N,nominal,2.0NRT,290.33,0.83,N
29.47631,60.80584,307.35,0.38,0.36,2026-09-12,2153,N,nominal,2.0NRT,290.67,0.72,N
29.99289,55.856,324.58,0.53,0.42,2026-09-12,2153,N,nominal,2.0NRT,289.36,5.21,N
29.75809,54.28531,301.62,0.42,0.45,2026-09-12,2153,N,nominal,2.0NRT,286.78,0.81,N
29.51264,55.79566,300.14,0.52,0.42,2026-09-12,2155,N,nominal,2.0NRT,289.89,1.15,N
29.514,55.7992,301.6,0.52,0.42,2026-09-12,2155,N,nominal,2.0NRT,289.8,0.79,N
28.20574,61.30609,306.1,0.39,0.36,2026-09-12,2155,N,nominal,2.0NRT,295.61,0.73,N
25.46503,68.76104,300.06,0.32,0.55,2026-09-12,2155,N,nominal,2.0NRT,287.87,0.54,N
25.46432,68.76422,300.05,0.32,0.55,2026-09-12,2155,N,nominal,2.0NRT,284.74,0.24,N
27.42111,56.4997,316.34,0.46,0.39,2026-09-12,2155,N,nominal,2.0NRT,299.01,1.57,N
27.30198,56.30491,314.89,0.47,0.4,2026-09-12,2155,N,nominal,2.0NRT,299.48,0.98,N
27.30232,56.30286,316.05,0.47,0.4,2026-09-12,2155,N,nominal,2.0NRT,299.34,1.66,N
25.15625,67.70549,299.73,0.57,0.52,2026-09-12,2155,N,nominal,2.0NRT,278.68,0.4,N
27.17161,56.05421,314.36,0.48,0.4,2026-09-12,2155,N,nominal,2.0NRT,300.04,1.75,N
27.16793,56.0536,320.53,0.48,0.4,2026-09-12,2155,N,nominal,2.0NRT,300.23,1.64,N
27.16167,56.10186,336.14,0.48,0.4,2026-09-12,2155,N,nominal,2.0NRT,301.47,2.88,N
27.16113,56.07711,314.46,0.48,0.4,2026-09-12,2155,N,nominal,2.0NRT,300.12,1.49,N
27.158,56.10125,318.81,0.48,0.4,2026-09-12,2155,N,nominal,2.0NRT,299.58,2.88,N
27.14513,56.11381,313.49,0.48,0.4,2026-09-12,2155,N,nominal,2.0NRT,300.22,1.86,N
25.05248,67.49599,306.87,0.55,0.51,2026-09-12,2155,N,nominal,2.0NRT,282.93,1.59,N
26.95691,55.54251,312.85,0.5,0.41,2026-09-12,2155,N,nominal,2.0NRT,301.83,1.7,N
25.97453,56.07102,318.83,0.46,0.39,2026-09-12,2155,N,nominal,2.0NRT,302.64,1.61,N
25.96727,56.06983,314.05,0.46,0.39,2026-09-12,2155,N,nominal,2.0NRT,302.49,0.84,N
25.90433,54.52972,311.44,0.55,0.43,2026-09-12,2155,N,nominal,2.0NRT,300.16,0.8,N
24.50768,56.60928,315.47,0.43,0.38,2026-09-12,2155,N,nominal,2.0NRT,300.09,2.49,N
24.50419,56.6087,331.8,0.43,0.38,2026-09-12,2155,N,nominal,2.0NRT,300.56,2.49,N
24.50656,56.59175,313.4,0.43,0.38,2026-09-12,2155,N,nominal,2.0NRT,300.42,0.74,N
24.50478,56.60446,313.47,0.43,0.38,2026-09-12,2155,N,nominal,2.0NRT,300.7,2.49,N
24.47214,56.63357,313.24,0.43,0.38,2026-09-12,2155,N,nominal,2.0NRT,299.07,0.93,N
24.45443,56.55002,313.06,0.43,0.38,2026-09-12,2155,N,nominal,2.0NRT,298.74,1.13,N
24.32971,54.47237,317.86,0.53,0.42,2026-09-12,2155,N,nominal,2.0NRT,302.75,1.11,N
23.55468,58.20082,317.21,0.39,0.36,2026-09-12,2155,N,nominal,2.0NRT,299.8,1.08,N
23.48429,58.28143,318.96,0.39,0.36,2026-09-12,2155,N,nominal,2.0NRT,299.98,1.41,N
22.65932,59.40569,307.89,0.39,0.36,2026-09-12,2155,N,nominal,2.0NRT,297.54,1.46,N
23.19047,55.45862,310.78,0.46,0.39,2026-09-12,2155,N,nominal,2.0NRT,298.31,1.82,N
23.31304,54.17957,312.79,0.54,0.42,2026-09-12,2155,N,nominal,2.0NRT,298.79,7.45,N
22.88086,55.92644,332.23,0.44,0.38,2026-09-12,2155,N,nominal,2.0NRT,297.04,3.46,N
22.87733,55.92586,321.73,0.44,0.38,2026-09-12,2155,N,nominal,2.0NRT,297.34,1.87,N
22.8729,55.61332,321.18,0.45,0.39,2026-09-12,2155,N,nominal,2.0NRT,297.96,1.99,N
22.87468,55.61482,321.73,0.45,0.39,2026-09-12,2155,N,nominal,2.0NRT,298.1,1.55,N
22.78122,55.81419,306.68,0.44,0.39,2026-09-12,2155,N,nominal,2.0NRT,295.07,0.68,N
22.67312,56.24883,306.54,0.43,0.38,2026-09-12,2155,N,nominal,2.0NRT,292.24,0.42,N
22.40784,56.98827,322.53,0.4,0.37,2026-09-12,2155,N,nominal,2.0NRT,296.39,1.6,N
22.40445,56.98767,320.1,0.4,0.37,2026-09-12,2155,N,nominal,2.0NRT,296.31,1.6,N
22.3457,56.43248,314.86,0.42,0.38,2026-09-12,2155,N,nominal,2.0NRT,296.04,1.23,N
22.32669,56.49142,324.58,0.42,0.37,2026-09-12,2155,N,nominal,2.0NRT,295.96,2.23,N
21.93833,57.07445,325.15,0.4,0.37,2026-09-12,2155,N,nominal,2.0NRT,282.45,2.33,N
21.93495,57.07387,297.44,0.4,0.37,2026-09-12,2155,N,nominal,2.0NRT,279.41,0.5,N
21.89211,56.84485,299.96,0.4,0.37,2026-09-12,2155,N,nominal,2.0NRT,279.61,0.68,N
21.89153,56.84875,308.77,0.4,0.37,2026-09-12,2155,N,nominal,2.0NRT,280.85,0.75,N
21.83612,56.67957,296,0.41,0.37,2026-09-12,2155,N,nominal,2.0NRT,276.46,0.46,N
21.70275,56.471,305.66,0.41,0.37,2026-09-12,2157,N,nominal,2.0NRT,287.18,0.78,N
21.29578,57.68058,305,0.39,0.36,2026-09-12,2157,N,nominal,2.0NRT,293.65,0.5,N
21.41093,55.74285,308.36,0.43,0.38,2026-09-12,2157,N,nominal,2.0NRT,285.22,1.13,N
21.37863,55.8187,324.56,0.43,0.38,2026-09-12,2157,N,nominal,2.0NRT,282.66,2.52,N
20.70726,55.42959,304.12,0.44,0.38,2026-09-12,2157,N,nominal,2.0NRT,288.11,0.63,N
20.3903,55.66204,323.93,0.43,0.38,2026-09-12,2157,N,nominal,2.0NRT,294.78,1.54,N
20.38681,55.66148,309.18,0.43,0.38,2026-09-12,2157,N,nominal,2.0NRT,294.06,1.54,N
20.3895,55.66354,329.96,0.43,0.38,2026-09-12,2157,N,nominal,2.0NRT,294.79,3.28,N
20.38491,55.64597,324.55,0.43,0.38,2026-09-12,2157,N,nominal,2.0NRT,295.11,1.41,N
20.21373,55.71158,326.79,0.43,0.38,2026-09-12,2157,N,nominal,2.0NRT,294.13,2.26,N
18.32208,55.10525,330.98,0.43,0.38,2026-09-12,2157,N,nominal,2.0NRT,296.22,2.49,N
18.17792,55.25006,306.28,0.43,0.38,2026-09-12,2157,N,nominal,2.0NRT,294.65,0.69,N
18.17445,55.24951,305.62,0.43,0.38,2026-09-12,2157,N,nominal,2.0NRT,294.51,1,N
18.01348,54.57253,347.85,0.45,0.39,2026-09-12,2157,N,nominal,2.0NRT,302.76,11.05,N
17.8889,54.48543,339.4,0.45,0.39,2026-09-12,2157,N,nominal,2.0NRT,297.25,13.88,N
38.67878,54.31443,325.55,0.61,0.71,2026-09-12,2331,N,nominal,2.0NRT,288.05,2.98,N
38.64598,54.28202,327.4,0.61,0.71,2026-09-12,2331,N,nominal,2.0NRT,287.74,3.61,N
38.67919,54.31594,324.61,0.61,0.71,2026-09-12,2331,N,nominal,2.0NRT,287.75,2.26,N
38.64637,54.28329,329.43,0.61,0.71,2026-09-12,2331,N,nominal,2.0NRT,287.74,2.47,N
36.944,54.89153,297.76,0.73,0.76,2026-09-12,2331,N,nominal,2.0NRT,285.93,0.95,N
20.47235,100.12014,329.09,0.71,0.75,2026-09-13,0546,N,nominal,2.0NRT,286.82,6.28,D
21.61348,101.87085,332.17,0.53,0.67,2026-09-13,0546,N,nominal,2.0NRT,273.92,5.18,D
22.80029,100.19995,331.06,0.63,0.72,2026-09-13,0546,N,nominal,2.0NRT,286.51,3.75,D
6.38676,81.01808,326.79,0.52,0.67,2026-09-13,0724,N,nominal,2.0NRT,288.08,2.55,D
6.39294,81.01705,348.87,0.52,0.67,2026-09-13,0724,N,nominal,2.0NRT,288.25,7.33,D
6.39093,81.01582,354.82,0.52,0.67,2026-09-13,0724,N,nominal,2.0NRT,287.98,9.17,D
6.42347,81.05456,332.84,0.52,0.67,2026-09-13,0724,N,nominal,2.0NRT,287.02,1.74,D
6.4481,81.05029,350.31,0.52,0.67,2026-09-13,0724,N,nominal,2.0NRT,288.47,6.83,D
7.05704,81.45511,337.28,0.48,0.64,2026-09-13,0724,N,nominal,2.0NRT,287.76,4.86,D
7.2856,81.22715,333.28,0.49,0.65,2026-09-13,0724,N,nominal,2.0NRT,287.9,4.47,D
7.5022,81.74329,353.39,0.45,0.63,2026-09-13,0724,N,nominal,2.0NRT,290.3,7.18,D
7.50189,81.7411,347.87,0.45,0.63,2026-09-13,0724,N,nominal,2.0NRT,289.72,8.61,D
7.59502,80.95129,335.53,0.5,0.66,2026-09-13,0724,N,nominal,2.0NRT,291.21,7.98,D
7.60108,80.95014,339.32,0.5,0.66,2026-09-13,0724,N,nominal,2.0NRT,290.85,10.2,D
7.93497,81.05368,336.18,0.49,0.65,2026-09-13,0724,N,nominal,2.0NRT,287.94,7.78,D
7.93414,81.04922,336.71,0.49,0.65,2026-09-13,0724,N,nominal,2.0NRT,290.61,7.78,D
8.03992,81.32426,334.06,0.47,0.64,2026-09-13,0724,N,nominal,2.0NRT,291.68,6.17,D
8.04348,81.31029,331.14,0.47,0.64,2026-09-13,0724,N,nominal,2.0NRT,289.79,4.91,D
8.05169,81.322,339.4,0.47,0.64,2026-09-13,0724,N,nominal,2.0NRT,290.66,4.1,D
8.02861,81.09187,336.02,0.49,0.65,2026-09-13,0724,N,nominal,2.0NRT,288.42,7.84,D
8.0499,81.32288,332.66,0.47,0.64,2026-09-13,0724,N,nominal,2.0NRT,290.75,5.72,D
8.0312,81.09241,331.28,0.48,0.65,2026-09-13,0724,N,nominal,2.0NRT,289.02,6.12,D
8.08637,80.64853,344.41,0.52,0.67,2026-09-13,0724,N,nominal,2.0NRT,289.53,8.57,D
8.09099,80.23808,331.4,0.55,0.68,2026-09-13,0724,N,nominal,2.0NRT,287.94,6.35,D
8.33968,81.30187,334.36,0.46,0.64,2026-09-13,0724,N,nominal,2.0NRT,290.9,7.39,D
8.35725,81.27872,331,0.46,0.64,2026-09-13,0724,N,nominal,2.0NRT,291.42,2.17,D
8.27618,80.72009,332.3,0.51,0.66,2026-09-13,0724,N,nominal,2.0NRT,289.65,5.03,D
8.25421,80.50323,339.22,0.53,0.67,2026-09-13,0724,N,nominal,2.0NRT,287.65,9.14,D
8.3127,80.74686,330.92,0.51,0.66,2026-09-13,0724,N,nominal,2.0NRT,288.89,6.37,D
8.31009,80.73293,340.99,0.51,0.66,2026-09-13,0724,N,nominal,2.0NRT,289.4,10.08,D
8.194,79.90574,330.85,0.58,0.7,2026-09-13,0724,N,nominal,2.0NRT,286.37,7.86,D
8.44298,81.11615,331.08,0.48,0.64,2026-09-13,0724,N,nominal,2.0NRT,291.24,4.59,D
8.19462,79.90289,339.43,0.58,0.7,2026-09-13,0724,N,nominal,2.0NRT,286.71,7.74,D
8.35129,80.24283,344.22,0.55,0.68,2026-09-13,0724,N,nominal,2.0NRT,287.47,10.43,D
8.35036,80.23783,356.37,0.55,0.68,2026-09-13,0724,N,nominal,2.0NRT,285,10.43,D
8.52645,80.67664,342.54,0.51,0.66,2026-09-13,0724,N,nominal,2.0NRT,289.21,10.91,D
8.60487,80.45284,330.64,0.52,0.67,2026-09-13,0724,N,nominal,2.0NRT,289.42,6.52,D
14.85171,100.52458,329.97,0.41,0.6,2026-09-13,0726,N,nominal,2.0NRT,283.37,5.04,D
11.51971,77.19726,331.51,0.76,0.77,2026-09-13,0726,N,nominal,2.0NRT,273.59,5.26,D
11.52328,77.19559,338.04,0.76,0.77,2026-09-13,0726,N,nominal,2.0NRT,273.2,4.7,D
16.46902,98.69112,330.73,0.32,0.55,2026-09-13,0726,N,nominal,2.0NRT,291.88,2.49,D
13.29275,78.005,330.52,0.62,0.72,2026-09-13,0726,N,nominal,2.0NRT,273.46,2.75,D
17.79383,95.03274,342.08,0.39,0.44,2026-09-13,0726,N,nominal,2.0NRT,295.71,5.89,D
17.82067,95.11267,332.94,0.4,0.44,2026-09-13,0726,N,nominal,2.0NRT,295.19,1.83,D
18.97796,100.13956,328.59,0.43,0.62,2026-09-13,0726,N,nominal,2.0NRT,286.8,3.76,D
20.47531,100.12043,331.52,0.45,0.63,2026-09-13,0726,N,nominal,2.0NRT,287.4,5.49,D
21.02837,100.61869,367,0.49,0.65,2026-09-13,0726,N,high,2.0NRT,290.95,29.24,D
20.94527,95.85739,331.25,0.48,0.48,2026-09-13,0729,N,nominal,2.0NRT,295.42,2.97,D
21.52054,95.66871,333.84,0.48,0.48,2026-09-13,0729,N,nominal,2.0NRT,295.77,3.03,D
20.76136,85.29738,331.07,0.48,0.4,2026-09-13,0729,N,low,2.0NRT,297.4,8.78,D
20.863,84.99017,328.02,0.5,0.41,2026-09-13,0729,N,low,2.0NRT,295.91,5.02,D
21.74854,83.84378,339.36,0.56,0.43,2026-09-13,0729,N,nominal,2.0NRT,294.91,8.41,D
21.76223,83.85188,328.88,0.56,0.43,2026-09-13,0729,N,nominal,2.0NRT,294.85,6.33,D
22.57471,85.89218,334.45,0.43,0.38,2026-09-13,0729,N,nominal,2.0NRT,293.88,7.49,D
23.68204,86.09431,335.29,0.42,0.37,2026-09-13,0729,N,nominal,2.0NRT,287.37,3.75,D
24.19585,82.71654,332.02,0.39,0.44,2026-09-13,0729,N,nominal,2.0NRT,293.19,4.25,D
31.87933,78.38251,340.37,0.49,0.49,2026-09-13,0729,N,nominal,2.0NRT,297.25,8.56,D
31.1207,74.60992,335.31,0.42,0.61,2026-09-13,0731,N,nominal,2.0NRT,294.42,4.14,D
31.12459,74.60937,334.58,0.42,0.61,2026-09-13,0731,N,nominal,2.0NRT,294.39,5.49,D
31.12239,74.60079,330.56,0.42,0.61,2026-09-13,0731,N,nominal,2.0NRT,294.98,2.78,D
36.76999,81.79327,354.26,0.43,0.38,2026-09-13,0731,N,nominal,2.0NRT,307.28,7.64,D
37.18344,78.42387,342.34,0.57,0.43,2026-09-13,0731,N,nominal,2.0NRT,301.31,7.2,D
38.05105,67.26227,334.81,0.67,0.73,2026-09-13,0733,N,nominal,2.0NRT,306.09,5.96,D
7.89146,80.52164,333.44,0.75,0.77,2026-09-13,0905,N,nominal,2.0NRT,287.42,8.05,D
8.01182,80.19453,334.14,0.72,0.75,2026-09-13,0905,N,nominal,2.0NRT,286.37,7.94,D
7.97132,80.23218,333.53,0.72,0.76,2026-09-13,0905,N,nominal,2.0NRT,286.47,5.42,D
8.00954,80.19323,340.44,0.72,0.75,2026-09-13,0905,N,nominal,2.0NRT,286.42,7.61,D
8.1644,80.50396,336.29,0.76,0.77,2026-09-13,0905,N,nominal,2.0NRT,285.97,4.43,D
8.2447,80.71901,335.65,0.78,0.78,2026-09-13,0905,N,nominal,2.0NRT,286.35,7.8,D
8.20266,79.99259,330.5,0.7,0.75,2026-09-13,0905,N,nominal,2.0NRT,284.38,4.57,D
8.24599,80.71811,339.17,0.78,0.78,2026-09-13,0905,N,nominal,2.0NRT,287.01,8.17,D
8.27605,80.72226,333.37,0.78,0.78,2026-09-13,0905,N,nominal,2.0NRT,285.91,7.86,D
8.28425,80.72892,333.24,0.79,0.78,2026-09-13,0905,N,nominal,2.0NRT,286.24,13.05,D
8.28334,80.72141,344.87,0.78,0.78,2026-09-13,0905,N,nominal,2.0NRT,286.58,12.37,D
8.31435,80.73309,329.24,0.79,0.78,2026-09-13,0905,N,nominal,2.0NRT,285.82,6.06,D
18.01021,54.57526,342.5,0.38,0.59,2026-09-13,0907,N,nominal,2.0NRT,310.02,10.53,D
18.00948,54.57172,358.08,0.38,0.59,2026-09-13,0907,N,nominal,2.0NRT,312.43,12.83,D
18.01555,54.57404,350.3,0.38,0.59,2026-09-13,0907,N,nominal,2.0NRT,309.8,18.32,D
18.01482,54.5705,354.11,0.38,0.59,2026-09-13,0907,N,nominal,2.0NRT,310.59,23.27,D
18.32045,55.1044,348.49,0.34,0.56,2026-09-13,0907,N,nominal,2.0NRT,302.74,2.23,D
19.26949,56.17286,340.11,0.56,0.52,2026-09-13,0907,N,nominal,2.0NRT,301.97,3.53,D
20.22546,55.7414,339.65,0.58,0.52,2026-09-13,0909,N,nominal,2.0NRT,304.91,3.01,D
20.38701,55.66108,338.2,0.58,0.52,2026-09-13,0909,N,nominal,2.0NRT,303.96,2.95,D
21.00278,56.53205,348.22,0.5,0.49,2026-09-13,0909,N,nominal,2.0NRT,309.2,6.66,D
21.89036,56.84589,341.29,0.46,0.47,2026-09-13,0909,N,nominal,2.0NRT,310.19,0.63,D
21.93854,57.07466,345.93,0.44,0.46,2026-09-13,0909,N,nominal,2.0NRT,310.47,3.07,D
21.93709,57.07563,345.13,0.44,0.46,2026-09-13,0909,N,nominal,2.0NRT,309.94,2.84,D
21.89159,56.84651,341.66,0.46,0.47,2026-09-13,0909,N,nominal,2.0NRT,310.35,0.84,D
22.40456,56.98907,344.94,0.44,0.46,2026-09-13,0909,N,nominal,2.0NRT,310.13,2.63,D
22.32869,56.48774,339.63,0.47,0.48,2026-09-13,0909,N,nominal,2.0NRT,307.08,5.38,D
22.34588,56.43614,336.75,0.48,0.48,2026-09-13,0909,N,low,2.0NRT,307.1,2.01,D
22.34514,56.43316,342.57,0.48,0.48,2026-09-13,0909,N,nominal,2.0NRT,307.25,1.74,D
22.4441,56.70159,338,0.46,0.47,2026-09-13,0909,N,nominal,2.0NRT,307.86,6.06,D
22.88033,55.92673,348.45,0.5,0.49,2026-09-13,0909,N,nominal,2.0NRT,310.4,3.33,D
22.87456,55.61475,340.91,0.52,0.5,2026-09-13,0909,N,nominal,2.0NRT,309.12,1.65,D
22.92777,55.80556,345.54,0.51,0.49,2026-09-13,0909,N,nominal,2.0NRT,308.93,8.45,D
22.60951,54.05944,350,0.33,0.55,2026-09-13,0909,N,nominal,2.0NRT,314.45,1.17,D
23.18614,55.70264,340.47,0.51,0.49,2026-09-13,0909,N,nominal,2.0NRT,308.03,1.44,D
23.19307,55.45751,351.18,0.53,0.5,2026-09-13,0909,N,nominal,2.0NRT,309.72,4.89,D
23.25259,55.58633,339.28,0.52,0.5,2026-09-13,0909,N,nominal,2.0NRT,308.93,2.7,D
23.24854,55.56628,339.77,0.52,0.5,2026-09-13,0909,N,nominal,2.0NRT,307.47,1.06,D
23.26814,55.59311,339.26,0.51,0.5,2026-09-13,0909,N,nominal,2.0NRT,308.71,1.8,D
23.26056,55.53179,339.3,0.52,0.5,2026-09-13,0909,N,nominal,2.0NRT,308.71,1.09,D
25.38868,68.58253,332.48,0.42,0.45,2026-09-13,0909,N,nominal,2.0NRT,299.48,2.85,D
23.87425,57.17105,333.44,0.4,0.45,2026-09-13,0909,N,low,2.0NRT,304.04,2.13,D
24.50235,56.60851,332.75,0.42,0.46,2026-09-13,0909,N,nominal,2.0NRT,301.34,2.89,D
24.50649,56.60754,367,0.42,0.46,2026-09-13,0909,N,high,2.0NRT,297.73,8.22,D
26.35299,67.80643,336.5,0.39,0.44,2026-09-13,0909,N,nominal,2.0NRT,302.98,7.69,D
24.21149,54.14196,353.25,0.6,0.53,2026-09-13,0909,N,nominal,2.0NRT,313.72,20.92,D
27.73576,68.5185,343.87,0.44,0.46,2026-09-13,0909,N,nominal,2.0NRT,300.07,7.47,D
27.74055,68.52248,335.36,0.44,0.46,2026-09-13,0909,N,nominal,2.0NRT,299.98,12.52,D
27.74006,68.51792,344.17,0.44,0.46,2026-09-13,0909,N,nominal,2.0NRT,300.16,7.47,D
27.90717,67.57988,352.66,0.4,0.44,2026-09-13,0909,N,nominal,2.0NRT,309.03,11.49,D
28.74013,67.41651,352.57,0.4,0.44,2026-09-13,0909,N,nominal,2.0NRT,305.42,7.53,D
27.17041,56.05437,341.97,0.41,0.45,2026-09-13,0909,N,nominal,2.0NRT,305.28,3.54,D
30.83412,74.22157,332.19,0.53,0.67,2026-09-13,0911,N,nominal,2.0NRT,293.42,3.14,D
28.43236,54.25914,346.53,0.49,0.49,2026-09-13,0911,N,low,2.0NRT,319.68,11.35,D
28.67022,54.34815,348.71,0.48,0.48,2026-09-13,0911,N,nominal,2.0NRT,316.24,9.45,D
31.59919,70.6623,333.18,0.33,0.55,2026-09-13,0911,N,nominal,2.0NRT,297.93,2.58,D
33.09455,72.61974,338.16,0.44,0.63,2026-09-13,0911,N,nominal,2.0NRT,298.66,5.64,D
33.09363,72.61945,335.51,0.44,0.63,2026-09-13,0911,N,nominal,2.0NRT,298.44,2.74,D
33.75313,59.1488,339.57,0.39,0.36,2026-09-13,0911,N,low,2.0NRT,314.37,3.22,D
37.50543,65.37471,350.44,0.39,0.44,2026-09-13,0913,N,nominal,2.0NRT,314.91,23.01,D
37.50499,65.37025,354.65,0.39,0.44,2026-09-13,0913,N,nominal,2.0NRT,312.22,23.01,D
37.50904,65.36961,349.72,0.39,0.44,2026-09-13,0913,N,nominal,2.0NRT,313,23.01,D
37.4226,62.31227,336.9,0.44,0.38,2026-09-13,0913,N,nominal,2.0NRT,309.11,2.83,D
37.49895,61.84706,340.42,0.42,0.38,2026-09-13,0913,N,low,2.0NRT,310.96,3.93,D
37.62715,62.17012,337.14,0.43,0.38,2026-09-13,0913,N,low,2.0NRT,310.84,3.43,D
37.58518,61.56069,340.92,0.42,0.37,2026-09-13,0913,N,low,2.0NRT,314.96,4.97,D
37.59177,61.53039,342.35,0.41,0.37,2026-09-13,0913,N,low,2.0NRT,315.15,6.05,D
37.50915,60.89065,339.65,0.4,0.37,2026-09-13,0913,N,low,2.0NRT,312.75,2.3,D
37.7258,62.09735,339.12,0.43,0.38,2026-09-13,0913,N,low,2.0NRT,313.51,4.31,D
37.78899,62.53911,345.22,0.45,0.39,2026-09-13,0913,N,nominal,2.0NRT,313.84,4.73,D
37.6265,60.63516,349.66,0.4,0.37,2026-09-13,0913,N,nominal,2.0NRT,317.17,5.58,D
37.63481,60.34076,337.68,0.39,0.36,2026-09-13,0913,N,low,2.0NRT,310.09,1.8,D
38.4546,65.80466,347.29,0.42,0.45,2026-09-13,0913,N,nominal,2.0NRT,311.05,20.17,D
37.70133,59.3377,354.72,0.38,0.36,2026-09-13,0913,N,nominal,2.0NRT,311.58,10.98,D
36.94454,54.88937,332.47,0.48,0.4,2026-09-13,0913,N,low,2.0NRT,302.89,5.08,D
37.94529,60.3972,343.16,0.39,0.37,2026-09-13,0913,N,nominal,2.0NRT,314.84,2.87,D
37.62898,57.00468,338.09,0.4,0.37,2026-09-13,0913,N,low,2.0NRT,312.29,1.01,D
37.94179,58.56352,338.51,0.38,0.36,2026-09-13,0913,N,low,2.0NRT,309.5,1.94,D
37.54882,55.46493,333.01,0.45,0.39,2026-09-13,0913,N,low,2.0NRT,306.86,3.34,D
37.64633,55.659,337.21,0.44,0.38,2026-09-13,0913,N,low,2.0NRT,308.73,4.91,D
37.70196,55.64309,337.61,0.44,0.38,2026-09-13,0913,N,nominal,2.0NRT,308.78,2.42,D
38.1536,57.95099,338.06,0.39,0.36,2026-09-13,0913,N,nominal,2.0NRT,307.16,1.73,D
38.6494,54.27987,339.89,0.48,0.4,2026-09-13,0913,N,low,2.0NRT,313.54,3.63,D
38.67924,54.31612,344.58,0.47,0.4,2026-09-13,0913,N,low,2.0NRT,316.51,4.26,D
39.26474,56.11078,337.13,0.41,0.37,2026-09-13,0913,N,nominal,2.0NRT,309.83,2.06,D
